filepath,filename,emotion,actor,intensity,gender
D://Speech Project//raw\Actor_01\03-01-01-01-01-01-01.wav,03-01-01-01-01-01-01.wav,neutral,01,normal,male
D://Speech Project//raw\Actor_01\03-01-01-01-01-02-01.wav,03-01-01-01-01-02-01.wav,neutral,01,normal,male
D://Speech Project//raw\Actor_01\03-01-01-01-02-01-01.wav,03-01-01-01-02-01-01.wav,neutral,01,normal,male
D://Speech Project//raw\Actor_01\03-01-01-01-02-02-01.wav,03-01-01-01-02-02-01.wav,neutral,01,normal,male
D://Speech Project//raw\Actor_01\03-01-02-01-01-01-01.wav,03-01-02-01-01-01-01.wav,calm,01,normal,male
D://Speech Project//raw\Actor_01\03-01-02-01-01-02-01.wav,03-01-02-01-01-02-01.wav,calm,01,normal,male
D://Speech Project//raw\Actor_01\03-01-02-01-02-01-01.wav,03-01-02-01-02-01-01.wav,calm,01,normal,male
D://Speech Project//raw\Actor_01\03-01-02-01-02-02-01.wav,03-01-02-01-02-02-01.wav,calm,01,normal,male
D://Speech Project//raw\Actor_01\03-01-02-02-01-01-01.wav,03-01-02-02-01-01-01.wav,calm,01,strong,male
D://Speech Project//raw\Actor_01\03-01-02-02-01-02-01.wav,03-01-02-02-01-02-01.wav,calm,01,strong,male
D://Speech Project//raw\Actor_01\03-01-02-02-02-01-01.wav,03-01-02-02-02-01-01.wav,calm,01,strong,male
D://Speech Project//raw\Actor_01\03-01-02-02-02-02-01.wav,03-01-02-02-02-02-01.wav,calm,01,strong,male
D://Speech Project//raw\Actor_01\03-01-03-01-01-01-01.wav,03-01-03-01-01-01-01.wav,happy,01,normal,male
D://Speech Project//raw\Actor_01\03-01-03-01-01-02-01.wav,03-01-03-01-01-02-01.wav,happy,01,normal,male
D://Speech Project//raw\Actor_01\03-01-03-01-02-01-01.wav,03-01-03-01-02-01-01.wav,happy,01,normal,male
D://Speech Project//raw\Actor_01\03-01-03-01-02-02-01.wav,03-01-03-01-02-02-01.wav,happy,01,normal,male
D://Speech Project//raw\Actor_01\03-01-03-02-01-01-01.wav,03-01-03-02-01-01-01.wav,happy,01,strong,male
D://Speech Project//raw\Actor_01\03-01-03-02-01-02-01.wav,03-01-03-02-01-02-01.wav,happy,01,strong,male
D://Speech Project//raw\Actor_01\03-01-03-02-02-01-01.wav,03-01-03-02-02-01-01.wav,happy,01,strong,male
D://Speech Project//raw\Actor_01\03-01-03-02-02-02-01.wav,03-01-03-02-02-02-01.wav,happy,01,strong,male
D://Speech Project//raw\Actor_01\03-01-04-01-01-01-01.wav,03-01-04-01-01-01-01.wav,sad,01,normal,male
D://Speech Project//raw\Actor_01\03-01-04-01-01-02-01.wav,03-01-04-01-01-02-01.wav,sad,01,normal,male
D://Speech Project//raw\Actor_01\03-01-04-01-02-01-01.wav,03-01-04-01-02-01-01.wav,sad,01,normal,male
D://Speech Project//raw\Actor_01\03-01-04-01-02-02-01.wav,03-01-04-01-02-02-01.wav,sad,01,normal,male
D://Speech Project//raw\Actor_01\03-01-04-02-01-01-01.wav,03-01-04-02-01-01-01.wav,sad,01,strong,male
D://Speech Project//raw\Actor_01\03-01-04-02-01-02-01.wav,03-01-04-02-01-02-01.wav,sad,01,strong,male
D://Speech Project//raw\Actor_01\03-01-04-02-02-01-01.wav,03-01-04-02-02-01-01.wav,sad,01,strong,male
D://Speech Project//raw\Actor_01\03-01-04-02-02-02-01.wav,03-01-04-02-02-02-01.wav,sad,01,strong,male
D://Speech Project//raw\Actor_01\03-01-05-01-01-01-01.wav,03-01-05-01-01-01-01.wav,angry,01,normal,male
D://Speech Project//raw\Actor_01\03-01-05-01-01-02-01.wav,03-01-05-01-01-02-01.wav,angry,01,normal,male
D://Speech Project//raw\Actor_01\03-01-05-01-02-01-01.wav,03-01-05-01-02-01-01.wav,angry,01,normal,male
D://Speech Project//raw\Actor_01\03-01-05-01-02-02-01.wav,03-01-05-01-02-02-01.wav,angry,01,normal,male
D://Speech Project//raw\Actor_01\03-01-05-02-01-01-01.wav,03-01-05-02-01-01-01.wav,angry,01,strong,male
D://Speech Project//raw\Actor_01\03-01-05-02-01-02-01.wav,03-01-05-02-01-02-01.wav,angry,01,strong,male
D://Speech Project//raw\Actor_01\03-01-05-02-02-01-01.wav,03-01-05-02-02-01-01.wav,angry,01,strong,male
D://Speech Project//raw\Actor_01\03-01-05-02-02-02-01.wav,03-01-05-02-02-02-01.wav,angry,01,strong,male
D://Speech Project//raw\Actor_01\03-01-06-01-01-01-01.wav,03-01-06-01-01-01-01.wav,fearful,01,normal,male
D://Speech Project//raw\Actor_01\03-01-06-01-01-02-01.wav,03-01-06-01-01-02-01.wav,fearful,01,normal,male
D://Speech Project//raw\Actor_01\03-01-06-01-02-01-01.wav,03-01-06-01-02-01-01.wav,fearful,01,normal,male
D://Speech Project//raw\Actor_01\03-01-06-01-02-02-01.wav,03-01-06-01-02-02-01.wav,fearful,01,normal,male
D://Speech Project//raw\Actor_01\03-01-06-02-01-01-01.wav,03-01-06-02-01-01-01.wav,fearful,01,strong,male
D://Speech Project//raw\Actor_01\03-01-06-02-01-02-01.wav,03-01-06-02-01-02-01.wav,fearful,01,strong,male
D://Speech Project//raw\Actor_01\03-01-06-02-02-01-01.wav,03-01-06-02-02-01-01.wav,fearful,01,strong,male
D://Speech Project//raw\Actor_01\03-01-06-02-02-02-01.wav,03-01-06-02-02-02-01.wav,fearful,01,strong,male
D://Speech Project//raw\Actor_01\03-01-07-01-01-01-01.wav,03-01-07-01-01-01-01.wav,disgust,01,normal,male
D://Speech Project//raw\Actor_01\03-01-07-01-01-02-01.wav,03-01-07-01-01-02-01.wav,disgust,01,normal,male
D://Speech Project//raw\Actor_01\03-01-07-01-02-01-01.wav,03-01-07-01-02-01-01.wav,disgust,01,normal,male
D://Speech Project//raw\Actor_01\03-01-07-01-02-02-01.wav,03-01-07-01-02-02-01.wav,disgust,01,normal,male
D://Speech Project//raw\Actor_01\03-01-07-02-01-01-01.wav,03-01-07-02-01-01-01.wav,disgust,01,strong,male
D://Speech Project//raw\Actor_01\03-01-07-02-01-02-01.wav,03-01-07-02-01-02-01.wav,disgust,01,strong,male
D://Speech Project//raw\Actor_01\03-01-07-02-02-01-01.wav,03-01-07-02-02-01-01.wav,disgust,01,strong,male
D://Speech Project//raw\Actor_01\03-01-07-02-02-02-01.wav,03-01-07-02-02-02-01.wav,disgust,01,strong,male
D://Speech Project//raw\Actor_01\03-01-08-01-01-01-01.wav,03-01-08-01-01-01-01.wav,surprised,01,normal,male
D://Speech Project//raw\Actor_01\03-01-08-01-01-02-01.wav,03-01-08-01-01-02-01.wav,surprised,01,normal,male
D://Speech Project//raw\Actor_01\03-01-08-01-02-01-01.wav,03-01-08-01-02-01-01.wav,surprised,01,normal,male
D://Speech Project//raw\Actor_01\03-01-08-01-02-02-01.wav,03-01-08-01-02-02-01.wav,surprised,01,normal,male
D://Speech Project//raw\Actor_01\03-01-08-02-01-01-01.wav,03-01-08-02-01-01-01.wav,surprised,01,strong,male
D://Speech Project//raw\Actor_01\03-01-08-02-01-02-01.wav,03-01-08-02-01-02-01.wav,surprised,01,strong,male
D://Speech Project//raw\Actor_01\03-01-08-02-02-01-01.wav,03-01-08-02-02-01-01.wav,surprised,01,strong,male
D://Speech Project//raw\Actor_01\03-01-08-02-02-02-01.wav,03-01-08-02-02-02-01.wav,surprised,01,strong,male
D://Speech Project//raw\Actor_02\03-01-01-01-01-01-02.wav,03-01-01-01-01-01-02.wav,neutral,02,normal,female
D://Speech Project//raw\Actor_02\03-01-01-01-01-02-02.wav,03-01-01-01-01-02-02.wav,neutral,02,normal,female
D://Speech Project//raw\Actor_02\03-01-01-01-02-01-02.wav,03-01-01-01-02-01-02.wav,neutral,02,normal,female
D://Speech Project//raw\Actor_02\03-01-01-01-02-02-02.wav,03-01-01-01-02-02-02.wav,neutral,02,normal,female
D://Speech Project//raw\Actor_02\03-01-02-01-01-01-02.wav,03-01-02-01-01-01-02.wav,calm,02,normal,female
D://Speech Project//raw\Actor_02\03-01-02-01-01-02-02.wav,03-01-02-01-01-02-02.wav,calm,02,normal,female
D://Speech Project//raw\Actor_02\03-01-02-01-02-01-02.wav,03-01-02-01-02-01-02.wav,calm,02,normal,female
D://Speech Project//raw\Actor_02\03-01-02-01-02-02-02.wav,03-01-02-01-02-02-02.wav,calm,02,normal,female
D://Speech Project//raw\Actor_02\03-01-02-02-01-01-02.wav,03-01-02-02-01-01-02.wav,calm,02,strong,female
D://Speech Project//raw\Actor_02\03-01-02-02-01-02-02.wav,03-01-02-02-01-02-02.wav,calm,02,strong,female
D://Speech Project//raw\Actor_02\03-01-02-02-02-01-02.wav,03-01-02-02-02-01-02.wav,calm,02,strong,female
D://Speech Project//raw\Actor_02\03-01-02-02-02-02-02.wav,03-01-02-02-02-02-02.wav,calm,02,strong,female
D://Speech Project//raw\Actor_02\03-01-03-01-01-01-02.wav,03-01-03-01-01-01-02.wav,happy,02,normal,female
D://Speech Project//raw\Actor_02\03-01-03-01-01-02-02.wav,03-01-03-01-01-02-02.wav,happy,02,normal,female
D://Speech Project//raw\Actor_02\03-01-03-01-02-01-02.wav,03-01-03-01-02-01-02.wav,happy,02,normal,female
D://Speech Project//raw\Actor_02\03-01-03-01-02-02-02.wav,03-01-03-01-02-02-02.wav,happy,02,normal,female
D://Speech Project//raw\Actor_02\03-01-03-02-01-01-02.wav,03-01-03-02-01-01-02.wav,happy,02,strong,female
D://Speech Project//raw\Actor_02\03-01-03-02-01-02-02.wav,03-01-03-02-01-02-02.wav,happy,02,strong,female
D://Speech Project//raw\Actor_02\03-01-03-02-02-01-02.wav,03-01-03-02-02-01-02.wav,happy,02,strong,female
D://Speech Project//raw\Actor_02\03-01-03-02-02-02-02.wav,03-01-03-02-02-02-02.wav,happy,02,strong,female
D://Speech Project//raw\Actor_02\03-01-04-01-01-01-02.wav,03-01-04-01-01-01-02.wav,sad,02,normal,female
D://Speech Project//raw\Actor_02\03-01-04-01-01-02-02.wav,03-01-04-01-01-02-02.wav,sad,02,normal,female
D://Speech Project//raw\Actor_02\03-01-04-01-02-01-02.wav,03-01-04-01-02-01-02.wav,sad,02,normal,female
D://Speech Project//raw\Actor_02\03-01-04-01-02-02-02.wav,03-01-04-01-02-02-02.wav,sad,02,normal,female
D://Speech Project//raw\Actor_02\03-01-04-02-01-01-02.wav,03-01-04-02-01-01-02.wav,sad,02,strong,female
D://Speech Project//raw\Actor_02\03-01-04-02-01-02-02.wav,03-01-04-02-01-02-02.wav,sad,02,strong,female
D://Speech Project//raw\Actor_02\03-01-04-02-02-01-02.wav,03-01-04-02-02-01-02.wav,sad,02,strong,female
D://Speech Project//raw\Actor_02\03-01-04-02-02-02-02.wav,03-01-04-02-02-02-02.wav,sad,02,strong,female
D://Speech Project//raw\Actor_02\03-01-05-01-01-01-02.wav,03-01-05-01-01-01-02.wav,angry,02,normal,female
D://Speech Project//raw\Actor_02\03-01-05-01-01-02-02.wav,03-01-05-01-01-02-02.wav,angry,02,normal,female
D://Speech Project//raw\Actor_02\03-01-05-01-02-01-02.wav,03-01-05-01-02-01-02.wav,angry,02,normal,female
D://Speech Project//raw\Actor_02\03-01-05-01-02-02-02.wav,03-01-05-01-02-02-02.wav,angry,02,normal,female
D://Speech Project//raw\Actor_02\03-01-05-02-01-01-02.wav,03-01-05-02-01-01-02.wav,angry,02,strong,female
D://Speech Project//raw\Actor_02\03-01-05-02-01-02-02.wav,03-01-05-02-01-02-02.wav,angry,02,strong,female
D://Speech Project//raw\Actor_02\03-01-05-02-02-01-02.wav,03-01-05-02-02-01-02.wav,angry,02,strong,female
D://Speech Project//raw\Actor_02\03-01-05-02-02-02-02.wav,03-01-05-02-02-02-02.wav,angry,02,strong,female
D://Speech Project//raw\Actor_02\03-01-06-01-01-01-02.wav,03-01-06-01-01-01-02.wav,fearful,02,normal,female
D://Speech Project//raw\Actor_02\03-01-06-01-01-02-02.wav,03-01-06-01-01-02-02.wav,fearful,02,normal,female
D://Speech Project//raw\Actor_02\03-01-06-01-02-01-02.wav,03-01-06-01-02-01-02.wav,fearful,02,normal,female
D://Speech Project//raw\Actor_02\03-01-06-01-02-02-02.wav,03-01-06-01-02-02-02.wav,fearful,02,normal,female
D://Speech Project//raw\Actor_02\03-01-06-02-01-01-02.wav,03-01-06-02-01-01-02.wav,fearful,02,strong,female
D://Speech Project//raw\Actor_02\03-01-06-02-01-02-02.wav,03-01-06-02-01-02-02.wav,fearful,02,strong,female
D://Speech Project//raw\Actor_02\03-01-06-02-02-01-02.wav,03-01-06-02-02-01-02.wav,fearful,02,strong,female
D://Speech Project//raw\Actor_02\03-01-06-02-02-02-02.wav,03-01-06-02-02-02-02.wav,fearful,02,strong,female
D://Speech Project//raw\Actor_02\03-01-07-01-01-01-02.wav,03-01-07-01-01-01-02.wav,disgust,02,normal,female
D://Speech Project//raw\Actor_02\03-01-07-01-01-02-02.wav,03-01-07-01-01-02-02.wav,disgust,02,normal,female
D://Speech Project//raw\Actor_02\03-01-07-01-02-01-02.wav,03-01-07-01-02-01-02.wav,disgust,02,normal,female
D://Speech Project//raw\Actor_02\03-01-07-01-02-02-02.wav,03-01-07-01-02-02-02.wav,disgust,02,normal,female
D://Speech Project//raw\Actor_02\03-01-07-02-01-01-02.wav,03-01-07-02-01-01-02.wav,disgust,02,strong,female
D://Speech Project//raw\Actor_02\03-01-07-02-01-02-02.wav,03-01-07-02-01-02-02.wav,disgust,02,strong,female
D://Speech Project//raw\Actor_02\03-01-07-02-02-01-02.wav,03-01-07-02-02-01-02.wav,disgust,02,strong,female
D://Speech Project//raw\Actor_02\03-01-07-02-02-02-02.wav,03-01-07-02-02-02-02.wav,disgust,02,strong,female
D://Speech Project//raw\Actor_02\03-01-08-01-01-01-02.wav,03-01-08-01-01-01-02.wav,surprised,02,normal,female
D://Speech Project//raw\Actor_02\03-01-08-01-01-02-02.wav,03-01-08-01-01-02-02.wav,surprised,02,normal,female
D://Speech Project//raw\Actor_02\03-01-08-01-02-01-02.wav,03-01-08-01-02-01-02.wav,surprised,02,normal,female
D://Speech Project//raw\Actor_02\03-01-08-01-02-02-02.wav,03-01-08-01-02-02-02.wav,surprised,02,normal,female
D://Speech Project//raw\Actor_02\03-01-08-02-01-01-02.wav,03-01-08-02-01-01-02.wav,surprised,02,strong,female
D://Speech Project//raw\Actor_02\03-01-08-02-01-02-02.wav,03-01-08-02-01-02-02.wav,surprised,02,strong,female
D://Speech Project//raw\Actor_02\03-01-08-02-02-01-02.wav,03-01-08-02-02-01-02.wav,surprised,02,strong,female
D://Speech Project//raw\Actor_02\03-01-08-02-02-02-02.wav,03-01-08-02-02-02-02.wav,surprised,02,strong,female
D://Speech Project//raw\Actor_03\03-01-01-01-01-01-03.wav,03-01-01-01-01-01-03.wav,neutral,03,normal,male
D://Speech Project//raw\Actor_03\03-01-01-01-01-02-03.wav,03-01-01-01-01-02-03.wav,neutral,03,normal,male
D://Speech Project//raw\Actor_03\03-01-01-01-02-01-03.wav,03-01-01-01-02-01-03.wav,neutral,03,normal,male
D://Speech Project//raw\Actor_03\03-01-01-01-02-02-03.wav,03-01-01-01-02-02-03.wav,neutral,03,normal,male
D://Speech Project//raw\Actor_03\03-01-02-01-01-01-03.wav,03-01-02-01-01-01-03.wav,calm,03,normal,male
D://Speech Project//raw\Actor_03\03-01-02-01-01-02-03.wav,03-01-02-01-01-02-03.wav,calm,03,normal,male
D://Speech Project//raw\Actor_03\03-01-02-01-02-01-03.wav,03-01-02-01-02-01-03.wav,calm,03,normal,male
D://Speech Project//raw\Actor_03\03-01-02-01-02-02-03.wav,03-01-02-01-02-02-03.wav,calm,03,normal,male
D://Speech Project//raw\Actor_03\03-01-02-02-01-01-03.wav,03-01-02-02-01-01-03.wav,calm,03,strong,male
D://Speech Project//raw\Actor_03\03-01-02-02-01-02-03.wav,03-01-02-02-01-02-03.wav,calm,03,strong,male
D://Speech Project//raw\Actor_03\03-01-02-02-02-01-03.wav,03-01-02-02-02-01-03.wav,calm,03,strong,male
D://Speech Project//raw\Actor_03\03-01-02-02-02-02-03.wav,03-01-02-02-02-02-03.wav,calm,03,strong,male
D://Speech Project//raw\Actor_03\03-01-03-01-01-01-03.wav,03-01-03-01-01-01-03.wav,happy,03,normal,male
D://Speech Project//raw\Actor_03\03-01-03-01-01-02-03.wav,03-01-03-01-01-02-03.wav,happy,03,normal,male
D://Speech Project//raw\Actor_03\03-01-03-01-02-01-03.wav,03-01-03-01-02-01-03.wav,happy,03,normal,male
D://Speech Project//raw\Actor_03\03-01-03-01-02-02-03.wav,03-01-03-01-02-02-03.wav,happy,03,normal,male
D://Speech Project//raw\Actor_03\03-01-03-02-01-01-03.wav,03-01-03-02-01-01-03.wav,happy,03,strong,male
D://Speech Project//raw\Actor_03\03-01-03-02-01-02-03.wav,03-01-03-02-01-02-03.wav,happy,03,strong,male
D://Speech Project//raw\Actor_03\03-01-03-02-02-01-03.wav,03-01-03-02-02-01-03.wav,happy,03,strong,male
D://Speech Project//raw\Actor_03\03-01-03-02-02-02-03.wav,03-01-03-02-02-02-03.wav,happy,03,strong,male
D://Speech Project//raw\Actor_03\03-01-04-01-01-01-03.wav,03-01-04-01-01-01-03.wav,sad,03,normal,male
D://Speech Project//raw\Actor_03\03-01-04-01-01-02-03.wav,03-01-04-01-01-02-03.wav,sad,03,normal,male
D://Speech Project//raw\Actor_03\03-01-04-01-02-01-03.wav,03-01-04-01-02-01-03.wav,sad,03,normal,male
D://Speech Project//raw\Actor_03\03-01-04-01-02-02-03.wav,03-01-04-01-02-02-03.wav,sad,03,normal,male
D://Speech Project//raw\Actor_03\03-01-04-02-01-01-03.wav,03-01-04-02-01-01-03.wav,sad,03,strong,male
D://Speech Project//raw\Actor_03\03-01-04-02-01-02-03.wav,03-01-04-02-01-02-03.wav,sad,03,strong,male
D://Speech Project//raw\Actor_03\03-01-04-02-02-01-03.wav,03-01-04-02-02-01-03.wav,sad,03,strong,male
D://Speech Project//raw\Actor_03\03-01-04-02-02-02-03.wav,03-01-04-02-02-02-03.wav,sad,03,strong,male
D://Speech Project//raw\Actor_03\03-01-05-01-01-01-03.wav,03-01-05-01-01-01-03.wav,angry,03,normal,male
D://Speech Project//raw\Actor_03\03-01-05-01-01-02-03.wav,03-01-05-01-01-02-03.wav,angry,03,normal,male
D://Speech Project//raw\Actor_03\03-01-05-01-02-01-03.wav,03-01-05-01-02-01-03.wav,angry,03,normal,male
D://Speech Project//raw\Actor_03\03-01-05-01-02-02-03.wav,03-01-05-01-02-02-03.wav,angry,03,normal,male
D://Speech Project//raw\Actor_03\03-01-05-02-01-01-03.wav,03-01-05-02-01-01-03.wav,angry,03,strong,male
D://Speech Project//raw\Actor_03\03-01-05-02-01-02-03.wav,03-01-05-02-01-02-03.wav,angry,03,strong,male
D://Speech Project//raw\Actor_03\03-01-05-02-02-01-03.wav,03-01-05-02-02-01-03.wav,angry,03,strong,male
D://Speech Project//raw\Actor_03\03-01-05-02-02-02-03.wav,03-01-05-02-02-02-03.wav,angry,03,strong,male
D://Speech Project//raw\Actor_03\03-01-06-01-01-01-03.wav,03-01-06-01-01-01-03.wav,fearful,03,normal,male
D://Speech Project//raw\Actor_03\03-01-06-01-01-02-03.wav,03-01-06-01-01-02-03.wav,fearful,03,normal,male
D://Speech Project//raw\Actor_03\03-01-06-01-02-01-03.wav,03-01-06-01-02-01-03.wav,fearful,03,normal,male
D://Speech Project//raw\Actor_03\03-01-06-01-02-02-03.wav,03-01-06-01-02-02-03.wav,fearful,03,normal,male
D://Speech Project//raw\Actor_03\03-01-06-02-01-01-03.wav,03-01-06-02-01-01-03.wav,fearful,03,strong,male
D://Speech Project//raw\Actor_03\03-01-06-02-01-02-03.wav,03-01-06-02-01-02-03.wav,fearful,03,strong,male
D://Speech Project//raw\Actor_03\03-01-06-02-02-01-03.wav,03-01-06-02-02-01-03.wav,fearful,03,strong,male
D://Speech Project//raw\Actor_03\03-01-06-02-02-02-03.wav,03-01-06-02-02-02-03.wav,fearful,03,strong,male
D://Speech Project//raw\Actor_03\03-01-07-01-01-01-03.wav,03-01-07-01-01-01-03.wav,disgust,03,normal,male
D://Speech Project//raw\Actor_03\03-01-07-01-01-02-03.wav,03-01-07-01-01-02-03.wav,disgust,03,normal,male
D://Speech Project//raw\Actor_03\03-01-07-01-02-01-03.wav,03-01-07-01-02-01-03.wav,disgust,03,normal,male
D://Speech Project//raw\Actor_03\03-01-07-01-02-02-03.wav,03-01-07-01-02-02-03.wav,disgust,03,normal,male
D://Speech Project//raw\Actor_03\03-01-07-02-01-01-03.wav,03-01-07-02-01-01-03.wav,disgust,03,strong,male
D://Speech Project//raw\Actor_03\03-01-07-02-01-02-03.wav,03-01-07-02-01-02-03.wav,disgust,03,strong,male
D://Speech Project//raw\Actor_03\03-01-07-02-02-01-03.wav,03-01-07-02-02-01-03.wav,disgust,03,strong,male
D://Speech Project//raw\Actor_03\03-01-07-02-02-02-03.wav,03-01-07-02-02-02-03.wav,disgust,03,strong,male
D://Speech Project//raw\Actor_03\03-01-08-01-01-01-03.wav,03-01-08-01-01-01-03.wav,surprised,03,normal,male
D://Speech Project//raw\Actor_03\03-01-08-01-01-02-03.wav,03-01-08-01-01-02-03.wav,surprised,03,normal,male
D://Speech Project//raw\Actor_03\03-01-08-01-02-01-03.wav,03-01-08-01-02-01-03.wav,surprised,03,normal,male
D://Speech Project//raw\Actor_03\03-01-08-01-02-02-03.wav,03-01-08-01-02-02-03.wav,surprised,03,normal,male
D://Speech Project//raw\Actor_03\03-01-08-02-01-01-03.wav,03-01-08-02-01-01-03.wav,surprised,03,strong,male
D://Speech Project//raw\Actor_03\03-01-08-02-01-02-03.wav,03-01-08-02-01-02-03.wav,surprised,03,strong,male
D://Speech Project//raw\Actor_03\03-01-08-02-02-01-03.wav,03-01-08-02-02-01-03.wav,surprised,03,strong,male
D://Speech Project//raw\Actor_03\03-01-08-02-02-02-03.wav,03-01-08-02-02-02-03.wav,surprised,03,strong,male
D://Speech Project//raw\Actor_04\03-01-01-01-01-01-04.wav,03-01-01-01-01-01-04.wav,neutral,04,normal,female
D://Speech Project//raw\Actor_04\03-01-01-01-01-02-04.wav,03-01-01-01-01-02-04.wav,neutral,04,normal,female
D://Speech Project//raw\Actor_04\03-01-01-01-02-01-04.wav,03-01-01-01-02-01-04.wav,neutral,04,normal,female
D://Speech Project//raw\Actor_04\03-01-01-01-02-02-04.wav,03-01-01-01-02-02-04.wav,neutral,04,normal,female
D://Speech Project//raw\Actor_04\03-01-02-01-01-01-04.wav,03-01-02-01-01-01-04.wav,calm,04,normal,female
D://Speech Project//raw\Actor_04\03-01-02-01-01-02-04.wav,03-01-02-01-01-02-04.wav,calm,04,normal,female
D://Speech Project//raw\Actor_04\03-01-02-01-02-01-04.wav,03-01-02-01-02-01-04.wav,calm,04,normal,female
D://Speech Project//raw\Actor_04\03-01-02-01-02-02-04.wav,03-01-02-01-02-02-04.wav,calm,04,normal,female
D://Speech Project//raw\Actor_04\03-01-02-02-01-01-04.wav,03-01-02-02-01-01-04.wav,calm,04,strong,female
D://Speech Project//raw\Actor_04\03-01-02-02-01-02-04.wav,03-01-02-02-01-02-04.wav,calm,04,strong,female
D://Speech Project//raw\Actor_04\03-01-02-02-02-01-04.wav,03-01-02-02-02-01-04.wav,calm,04,strong,female
D://Speech Project//raw\Actor_04\03-01-02-02-02-02-04.wav,03-01-02-02-02-02-04.wav,calm,04,strong,female
D://Speech Project//raw\Actor_04\03-01-03-01-01-01-04.wav,03-01-03-01-01-01-04.wav,happy,04,normal,female
D://Speech Project//raw\Actor_04\03-01-03-01-01-02-04.wav,03-01-03-01-01-02-04.wav,happy,04,normal,female
D://Speech Project//raw\Actor_04\03-01-03-01-02-01-04.wav,03-01-03-01-02-01-04.wav,happy,04,normal,female
D://Speech Project//raw\Actor_04\03-01-03-01-02-02-04.wav,03-01-03-01-02-02-04.wav,happy,04,normal,female
D://Speech Project//raw\Actor_04\03-01-03-02-01-01-04.wav,03-01-03-02-01-01-04.wav,happy,04,strong,female
D://Speech Project//raw\Actor_04\03-01-03-02-01-02-04.wav,03-01-03-02-01-02-04.wav,happy,04,strong,female
D://Speech Project//raw\Actor_04\03-01-03-02-02-01-04.wav,03-01-03-02-02-01-04.wav,happy,04,strong,female
D://Speech Project//raw\Actor_04\03-01-03-02-02-02-04.wav,03-01-03-02-02-02-04.wav,happy,04,strong,female
D://Speech Project//raw\Actor_04\03-01-04-01-01-01-04.wav,03-01-04-01-01-01-04.wav,sad,04,normal,female
D://Speech Project//raw\Actor_04\03-01-04-01-01-02-04.wav,03-01-04-01-01-02-04.wav,sad,04,normal,female
D://Speech Project//raw\Actor_04\03-01-04-01-02-01-04.wav,03-01-04-01-02-01-04.wav,sad,04,normal,female
D://Speech Project//raw\Actor_04\03-01-04-01-02-02-04.wav,03-01-04-01-02-02-04.wav,sad,04,normal,female
D://Speech Project//raw\Actor_04\03-01-04-02-01-01-04.wav,03-01-04-02-01-01-04.wav,sad,04,strong,female
D://Speech Project//raw\Actor_04\03-01-04-02-01-02-04.wav,03-01-04-02-01-02-04.wav,sad,04,strong,female
D://Speech Project//raw\Actor_04\03-01-04-02-02-01-04.wav,03-01-04-02-02-01-04.wav,sad,04,strong,female
D://Speech Project//raw\Actor_04\03-01-04-02-02-02-04.wav,03-01-04-02-02-02-04.wav,sad,04,strong,female
D://Speech Project//raw\Actor_04\03-01-05-01-01-01-04.wav,03-01-05-01-01-01-04.wav,angry,04,normal,female
D://Speech Project//raw\Actor_04\03-01-05-01-01-02-04.wav,03-01-05-01-01-02-04.wav,angry,04,normal,female
D://Speech Project//raw\Actor_04\03-01-05-01-02-01-04.wav,03-01-05-01-02-01-04.wav,angry,04,normal,female
D://Speech Project//raw\Actor_04\03-01-05-01-02-02-04.wav,03-01-05-01-02-02-04.wav,angry,04,normal,female
D://Speech Project//raw\Actor_04\03-01-05-02-01-01-04.wav,03-01-05-02-01-01-04.wav,angry,04,strong,female
D://Speech Project//raw\Actor_04\03-01-05-02-01-02-04.wav,03-01-05-02-01-02-04.wav,angry,04,strong,female
D://Speech Project//raw\Actor_04\03-01-05-02-02-01-04.wav,03-01-05-02-02-01-04.wav,angry,04,strong,female
D://Speech Project//raw\Actor_04\03-01-05-02-02-02-04.wav,03-01-05-02-02-02-04.wav,angry,04,strong,female
D://Speech Project//raw\Actor_04\03-01-06-01-01-01-04.wav,03-01-06-01-01-01-04.wav,fearful,04,normal,female
D://Speech Project//raw\Actor_04\03-01-06-01-01-02-04.wav,03-01-06-01-01-02-04.wav,fearful,04,normal,female
D://Speech Project//raw\Actor_04\03-01-06-01-02-01-04.wav,03-01-06-01-02-01-04.wav,fearful,04,normal,female
D://Speech Project//raw\Actor_04\03-01-06-01-02-02-04.wav,03-01-06-01-02-02-04.wav,fearful,04,normal,female
D://Speech Project//raw\Actor_04\03-01-06-02-01-01-04.wav,03-01-06-02-01-01-04.wav,fearful,04,strong,female
D://Speech Project//raw\Actor_04\03-01-06-02-01-02-04.wav,03-01-06-02-01-02-04.wav,fearful,04,strong,female
D://Speech Project//raw\Actor_04\03-01-06-02-02-01-04.wav,03-01-06-02-02-01-04.wav,fearful,04,strong,female
D://Speech Project//raw\Actor_04\03-01-06-02-02-02-04.wav,03-01-06-02-02-02-04.wav,fearful,04,strong,female
D://Speech Project//raw\Actor_04\03-01-07-01-01-01-04.wav,03-01-07-01-01-01-04.wav,disgust,04,normal,female
D://Speech Project//raw\Actor_04\03-01-07-01-01-02-04.wav,03-01-07-01-01-02-04.wav,disgust,04,normal,female
D://Speech Project//raw\Actor_04\03-01-07-01-02-01-04.wav,03-01-07-01-02-01-04.wav,disgust,04,normal,female
D://Speech Project//raw\Actor_04\03-01-07-01-02-02-04.wav,03-01-07-01-02-02-04.wav,disgust,04,normal,female
D://Speech Project//raw\Actor_04\03-01-07-02-01-01-04.wav,03-01-07-02-01-01-04.wav,disgust,04,strong,female
D://Speech Project//raw\Actor_04\03-01-07-02-01-02-04.wav,03-01-07-02-01-02-04.wav,disgust,04,strong,female
D://Speech Project//raw\Actor_04\03-01-07-02-02-01-04.wav,03-01-07-02-02-01-04.wav,disgust,04,strong,female
D://Speech Project//raw\Actor_04\03-01-07-02-02-02-04.wav,03-01-07-02-02-02-04.wav,disgust,04,strong,female
D://Speech Project//raw\Actor_04\03-01-08-01-01-01-04.wav,03-01-08-01-01-01-04.wav,surprised,04,normal,female
D://Speech Project//raw\Actor_04\03-01-08-01-01-02-04.wav,03-01-08-01-01-02-04.wav,surprised,04,normal,female
D://Speech Project//raw\Actor_04\03-01-08-01-02-01-04.wav,03-01-08-01-02-01-04.wav,surprised,04,normal,female
D://Speech Project//raw\Actor_04\03-01-08-01-02-02-04.wav,03-01-08-01-02-02-04.wav,surprised,04,normal,female
D://Speech Project//raw\Actor_04\03-01-08-02-01-01-04.wav,03-01-08-02-01-01-04.wav,surprised,04,strong,female
D://Speech Project//raw\Actor_04\03-01-08-02-01-02-04.wav,03-01-08-02-01-02-04.wav,surprised,04,strong,female
D://Speech Project//raw\Actor_04\03-01-08-02-02-01-04.wav,03-01-08-02-02-01-04.wav,surprised,04,strong,female
D://Speech Project//raw\Actor_04\03-01-08-02-02-02-04.wav,03-01-08-02-02-02-04.wav,surprised,04,strong,female
D://Speech Project//raw\Actor_05\03-01-01-01-01-01-05.wav,03-01-01-01-01-01-05.wav,neutral,05,normal,male
D://Speech Project//raw\Actor_05\03-01-01-01-01-02-05.wav,03-01-01-01-01-02-05.wav,neutral,05,normal,male
D://Speech Project//raw\Actor_05\03-01-01-01-02-01-05.wav,03-01-01-01-02-01-05.wav,neutral,05,normal,male
D://Speech Project//raw\Actor_05\03-01-01-01-02-02-05.wav,03-01-01-01-02-02-05.wav,neutral,05,normal,male
D://Speech Project//raw\Actor_05\03-01-02-01-01-01-05.wav,03-01-02-01-01-01-05.wav,calm,05,normal,male
D://Speech Project//raw\Actor_05\03-01-02-01-01-02-05.wav,03-01-02-01-01-02-05.wav,calm,05,normal,male
D://Speech Project//raw\Actor_05\03-01-02-01-02-01-05.wav,03-01-02-01-02-01-05.wav,calm,05,normal,male
D://Speech Project//raw\Actor_05\03-01-02-01-02-02-05.wav,03-01-02-01-02-02-05.wav,calm,05,normal,male
D://Speech Project//raw\Actor_05\03-01-02-02-01-01-05.wav,03-01-02-02-01-01-05.wav,calm,05,strong,male
D://Speech Project//raw\Actor_05\03-01-02-02-01-02-05.wav,03-01-02-02-01-02-05.wav,calm,05,strong,male
D://Speech Project//raw\Actor_05\03-01-02-02-02-01-05.wav,03-01-02-02-02-01-05.wav,calm,05,strong,male
D://Speech Project//raw\Actor_05\03-01-02-02-02-02-05.wav,03-01-02-02-02-02-05.wav,calm,05,strong,male
D://Speech Project//raw\Actor_05\03-01-03-01-01-01-05.wav,03-01-03-01-01-01-05.wav,happy,05,normal,male
D://Speech Project//raw\Actor_05\03-01-03-01-01-02-05.wav,03-01-03-01-01-02-05.wav,happy,05,normal,male
D://Speech Project//raw\Actor_05\03-01-03-01-02-01-05.wav,03-01-03-01-02-01-05.wav,happy,05,normal,male
D://Speech Project//raw\Actor_05\03-01-03-01-02-02-05.wav,03-01-03-01-02-02-05.wav,happy,05,normal,male
D://Speech Project//raw\Actor_05\03-01-03-02-01-01-05.wav,03-01-03-02-01-01-05.wav,happy,05,strong,male
D://Speech Project//raw\Actor_05\03-01-03-02-01-02-05.wav,03-01-03-02-01-02-05.wav,happy,05,strong,male
D://Speech Project//raw\Actor_05\03-01-03-02-02-01-05.wav,03-01-03-02-02-01-05.wav,happy,05,strong,male
D://Speech Project//raw\Actor_05\03-01-03-02-02-02-05.wav,03-01-03-02-02-02-05.wav,happy,05,strong,male
D://Speech Project//raw\Actor_05\03-01-04-01-01-01-05.wav,03-01-04-01-01-01-05.wav,sad,05,normal,male
D://Speech Project//raw\Actor_05\03-01-04-01-01-02-05.wav,03-01-04-01-01-02-05.wav,sad,05,normal,male
D://Speech Project//raw\Actor_05\03-01-04-01-02-01-05.wav,03-01-04-01-02-01-05.wav,sad,05,normal,male
D://Speech Project//raw\Actor_05\03-01-04-01-02-02-05.wav,03-01-04-01-02-02-05.wav,sad,05,normal,male
D://Speech Project//raw\Actor_05\03-01-04-02-01-01-05.wav,03-01-04-02-01-01-05.wav,sad,05,strong,male
D://Speech Project//raw\Actor_05\03-01-04-02-01-02-05.wav,03-01-04-02-01-02-05.wav,sad,05,strong,male
D://Speech Project//raw\Actor_05\03-01-04-02-02-01-05.wav,03-01-04-02-02-01-05.wav,sad,05,strong,male
D://Speech Project//raw\Actor_05\03-01-04-02-02-02-05.wav,03-01-04-02-02-02-05.wav,sad,05,strong,male
D://Speech Project//raw\Actor_05\03-01-05-01-01-01-05.wav,03-01-05-01-01-01-05.wav,angry,05,normal,male
D://Speech Project//raw\Actor_05\03-01-05-01-01-02-05.wav,03-01-05-01-01-02-05.wav,angry,05,normal,male
D://Speech Project//raw\Actor_05\03-01-05-01-02-01-05.wav,03-01-05-01-02-01-05.wav,angry,05,normal,male
D://Speech Project//raw\Actor_05\03-01-05-01-02-02-05.wav,03-01-05-01-02-02-05.wav,angry,05,normal,male
D://Speech Project//raw\Actor_05\03-01-05-02-01-01-05.wav,03-01-05-02-01-01-05.wav,angry,05,strong,male
D://Speech Project//raw\Actor_05\03-01-05-02-01-02-05.wav,03-01-05-02-01-02-05.wav,angry,05,strong,male
D://Speech Project//raw\Actor_05\03-01-05-02-02-01-05.wav,03-01-05-02-02-01-05.wav,angry,05,strong,male
D://Speech Project//raw\Actor_05\03-01-05-02-02-02-05.wav,03-01-05-02-02-02-05.wav,angry,05,strong,male
D://Speech Project//raw\Actor_05\03-01-06-01-01-01-05.wav,03-01-06-01-01-01-05.wav,fearful,05,normal,male
D://Speech Project//raw\Actor_05\03-01-06-01-01-02-05.wav,03-01-06-01-01-02-05.wav,fearful,05,normal,male
D://Speech Project//raw\Actor_05\03-01-06-01-02-01-05.wav,03-01-06-01-02-01-05.wav,fearful,05,normal,male
D://Speech Project//raw\Actor_05\03-01-06-01-02-02-05.wav,03-01-06-01-02-02-05.wav,fearful,05,normal,male
D://Speech Project//raw\Actor_05\03-01-06-02-01-01-05.wav,03-01-06-02-01-01-05.wav,fearful,05,strong,male
D://Speech Project//raw\Actor_05\03-01-06-02-01-02-05.wav,03-01-06-02-01-02-05.wav,fearful,05,strong,male
D://Speech Project//raw\Actor_05\03-01-06-02-02-01-05.wav,03-01-06-02-02-01-05.wav,fearful,05,strong,male
D://Speech Project//raw\Actor_05\03-01-06-02-02-02-05.wav,03-01-06-02-02-02-05.wav,fearful,05,strong,male
D://Speech Project//raw\Actor_05\03-01-07-01-01-01-05.wav,03-01-07-01-01-01-05.wav,disgust,05,normal,male
D://Speech Project//raw\Actor_05\03-01-07-01-01-02-05.wav,03-01-07-01-01-02-05.wav,disgust,05,normal,male
D://Speech Project//raw\Actor_05\03-01-07-01-02-01-05.wav,03-01-07-01-02-01-05.wav,disgust,05,normal,male
D://Speech Project//raw\Actor_05\03-01-07-01-02-02-05.wav,03-01-07-01-02-02-05.wav,disgust,05,normal,male
D://Speech Project//raw\Actor_05\03-01-07-02-01-01-05.wav,03-01-07-02-01-01-05.wav,disgust,05,strong,male
D://Speech Project//raw\Actor_05\03-01-07-02-01-02-05.wav,03-01-07-02-01-02-05.wav,disgust,05,strong,male
D://Speech Project//raw\Actor_05\03-01-07-02-02-01-05.wav,03-01-07-02-02-01-05.wav,disgust,05,strong,male
D://Speech Project//raw\Actor_05\03-01-07-02-02-02-05.wav,03-01-07-02-02-02-05.wav,disgust,05,strong,male
D://Speech Project//raw\Actor_05\03-01-08-01-01-01-05.wav,03-01-08-01-01-01-05.wav,surprised,05,normal,male
D://Speech Project//raw\Actor_05\03-01-08-01-01-02-05.wav,03-01-08-01-01-02-05.wav,surprised,05,normal,male
D://Speech Project//raw\Actor_05\03-01-08-01-02-01-05.wav,03-01-08-01-02-01-05.wav,surprised,05,normal,male
D://Speech Project//raw\Actor_05\03-01-08-01-02-02-05.wav,03-01-08-01-02-02-05.wav,surprised,05,normal,male
D://Speech Project//raw\Actor_05\03-01-08-02-01-01-05.wav,03-01-08-02-01-01-05.wav,surprised,05,strong,male
D://Speech Project//raw\Actor_05\03-01-08-02-01-02-05.wav,03-01-08-02-01-02-05.wav,surprised,05,strong,male
D://Speech Project//raw\Actor_05\03-01-08-02-02-01-05.wav,03-01-08-02-02-01-05.wav,surprised,05,strong,male
D://Speech Project//raw\Actor_05\03-01-08-02-02-02-05.wav,03-01-08-02-02-02-05.wav,surprised,05,strong,male
D://Speech Project//raw\Actor_06\03-01-01-01-01-01-06.wav,03-01-01-01-01-01-06.wav,neutral,06,normal,female
D://Speech Project//raw\Actor_06\03-01-01-01-01-02-06.wav,03-01-01-01-01-02-06.wav,neutral,06,normal,female
D://Speech Project//raw\Actor_06\03-01-01-01-02-01-06.wav,03-01-01-01-02-01-06.wav,neutral,06,normal,female
D://Speech Project//raw\Actor_06\03-01-01-01-02-02-06.wav,03-01-01-01-02-02-06.wav,neutral,06,normal,female
D://Speech Project//raw\Actor_06\03-01-02-01-01-01-06.wav,03-01-02-01-01-01-06.wav,calm,06,normal,female
D://Speech Project//raw\Actor_06\03-01-02-01-01-02-06.wav,03-01-02-01-01-02-06.wav,calm,06,normal,female
D://Speech Project//raw\Actor_06\03-01-02-01-02-01-06.wav,03-01-02-01-02-01-06.wav,calm,06,normal,female
D://Speech Project//raw\Actor_06\03-01-02-01-02-02-06.wav,03-01-02-01-02-02-06.wav,calm,06,normal,female
D://Speech Project//raw\Actor_06\03-01-02-02-01-01-06.wav,03-01-02-02-01-01-06.wav,calm,06,strong,female
D://Speech Project//raw\Actor_06\03-01-02-02-01-02-06.wav,03-01-02-02-01-02-06.wav,calm,06,strong,female
D://Speech Project//raw\Actor_06\03-01-02-02-02-01-06.wav,03-01-02-02-02-01-06.wav,calm,06,strong,female
D://Speech Project//raw\Actor_06\03-01-02-02-02-02-06.wav,03-01-02-02-02-02-06.wav,calm,06,strong,female
D://Speech Project//raw\Actor_06\03-01-03-01-01-01-06.wav,03-01-03-01-01-01-06.wav,happy,06,normal,female
D://Speech Project//raw\Actor_06\03-01-03-01-01-02-06.wav,03-01-03-01-01-02-06.wav,happy,06,normal,female
D://Speech Project//raw\Actor_06\03-01-03-01-02-01-06.wav,03-01-03-01-02-01-06.wav,happy,06,normal,female
D://Speech Project//raw\Actor_06\03-01-03-01-02-02-06.wav,03-01-03-01-02-02-06.wav,happy,06,normal,female
D://Speech Project//raw\Actor_06\03-01-03-02-01-01-06.wav,03-01-03-02-01-01-06.wav,happy,06,strong,female
D://Speech Project//raw\Actor_06\03-01-03-02-01-02-06.wav,03-01-03-02-01-02-06.wav,happy,06,strong,female
D://Speech Project//raw\Actor_06\03-01-03-02-02-01-06.wav,03-01-03-02-02-01-06.wav,happy,06,strong,female
D://Speech Project//raw\Actor_06\03-01-03-02-02-02-06.wav,03-01-03-02-02-02-06.wav,happy,06,strong,female
D://Speech Project//raw\Actor_06\03-01-04-01-01-01-06.wav,03-01-04-01-01-01-06.wav,sad,06,normal,female
D://Speech Project//raw\Actor_06\03-01-04-01-01-02-06.wav,03-01-04-01-01-02-06.wav,sad,06,normal,female
D://Speech Project//raw\Actor_06\03-01-04-01-02-01-06.wav,03-01-04-01-02-01-06.wav,sad,06,normal,female
D://Speech Project//raw\Actor_06\03-01-04-01-02-02-06.wav,03-01-04-01-02-02-06.wav,sad,06,normal,female
D://Speech Project//raw\Actor_06\03-01-04-02-01-01-06.wav,03-01-04-02-01-01-06.wav,sad,06,strong,female
D://Speech Project//raw\Actor_06\03-01-04-02-01-02-06.wav,03-01-04-02-01-02-06.wav,sad,06,strong,female
D://Speech Project//raw\Actor_06\03-01-04-02-02-01-06.wav,03-01-04-02-02-01-06.wav,sad,06,strong,female
D://Speech Project//raw\Actor_06\03-01-04-02-02-02-06.wav,03-01-04-02-02-02-06.wav,sad,06,strong,female
D://Speech Project//raw\Actor_06\03-01-05-01-01-01-06.wav,03-01-05-01-01-01-06.wav,angry,06,normal,female
D://Speech Project//raw\Actor_06\03-01-05-01-01-02-06.wav,03-01-05-01-01-02-06.wav,angry,06,normal,female
D://Speech Project//raw\Actor_06\03-01-05-01-02-01-06.wav,03-01-05-01-02-01-06.wav,angry,06,normal,female
D://Speech Project//raw\Actor_06\03-01-05-01-02-02-06.wav,03-01-05-01-02-02-06.wav,angry,06,normal,female
D://Speech Project//raw\Actor_06\03-01-05-02-01-01-06.wav,03-01-05-02-01-01-06.wav,angry,06,strong,female
D://Speech Project//raw\Actor_06\03-01-05-02-01-02-06.wav,03-01-05-02-01-02-06.wav,angry,06,strong,female
D://Speech Project//raw\Actor_06\03-01-05-02-02-01-06.wav,03-01-05-02-02-01-06.wav,angry,06,strong,female
D://Speech Project//raw\Actor_06\03-01-05-02-02-02-06.wav,03-01-05-02-02-02-06.wav,angry,06,strong,female
D://Speech Project//raw\Actor_06\03-01-06-01-01-01-06.wav,03-01-06-01-01-01-06.wav,fearful,06,normal,female
D://Speech Project//raw\Actor_06\03-01-06-01-01-02-06.wav,03-01-06-01-01-02-06.wav,fearful,06,normal,female
D://Speech Project//raw\Actor_06\03-01-06-01-02-01-06.wav,03-01-06-01-02-01-06.wav,fearful,06,normal,female
D://Speech Project//raw\Actor_06\03-01-06-01-02-02-06.wav,03-01-06-01-02-02-06.wav,fearful,06,normal,female
D://Speech Project//raw\Actor_06\03-01-06-02-01-01-06.wav,03-01-06-02-01-01-06.wav,fearful,06,strong,female
D://Speech Project//raw\Actor_06\03-01-06-02-01-02-06.wav,03-01-06-02-01-02-06.wav,fearful,06,strong,female
D://Speech Project//raw\Actor_06\03-01-06-02-02-01-06.wav,03-01-06-02-02-01-06.wav,fearful,06,strong,female
D://Speech Project//raw\Actor_06\03-01-06-02-02-02-06.wav,03-01-06-02-02-02-06.wav,fearful,06,strong,female
D://Speech Project//raw\Actor_06\03-01-07-01-01-01-06.wav,03-01-07-01-01-01-06.wav,disgust,06,normal,female
D://Speech Project//raw\Actor_06\03-01-07-01-01-02-06.wav,03-01-07-01-01-02-06.wav,disgust,06,normal,female
D://Speech Project//raw\Actor_06\03-01-07-01-02-01-06.wav,03-01-07-01-02-01-06.wav,disgust,06,normal,female
D://Speech Project//raw\Actor_06\03-01-07-01-02-02-06.wav,03-01-07-01-02-02-06.wav,disgust,06,normal,female
D://Speech Project//raw\Actor_06\03-01-07-02-01-01-06.wav,03-01-07-02-01-01-06.wav,disgust,06,strong,female
D://Speech Project//raw\Actor_06\03-01-07-02-01-02-06.wav,03-01-07-02-01-02-06.wav,disgust,06,strong,female
D://Speech Project//raw\Actor_06\03-01-07-02-02-01-06.wav,03-01-07-02-02-01-06.wav,disgust,06,strong,female
D://Speech Project//raw\Actor_06\03-01-07-02-02-02-06.wav,03-01-07-02-02-02-06.wav,disgust,06,strong,female
D://Speech Project//raw\Actor_06\03-01-08-01-01-01-06.wav,03-01-08-01-01-01-06.wav,surprised,06,normal,female
D://Speech Project//raw\Actor_06\03-01-08-01-01-02-06.wav,03-01-08-01-01-02-06.wav,surprised,06,normal,female
D://Speech Project//raw\Actor_06\03-01-08-01-02-01-06.wav,03-01-08-01-02-01-06.wav,surprised,06,normal,female
D://Speech Project//raw\Actor_06\03-01-08-01-02-02-06.wav,03-01-08-01-02-02-06.wav,surprised,06,normal,female
D://Speech Project//raw\Actor_06\03-01-08-02-01-01-06.wav,03-01-08-02-01-01-06.wav,surprised,06,strong,female
D://Speech Project//raw\Actor_06\03-01-08-02-01-02-06.wav,03-01-08-02-01-02-06.wav,surprised,06,strong,female
D://Speech Project//raw\Actor_06\03-01-08-02-02-01-06.wav,03-01-08-02-02-01-06.wav,surprised,06,strong,female
D://Speech Project//raw\Actor_06\03-01-08-02-02-02-06.wav,03-01-08-02-02-02-06.wav,surprised,06,strong,female
D://Speech Project//raw\Actor_07\03-01-01-01-01-01-07.wav,03-01-01-01-01-01-07.wav,neutral,07,normal,male
D://Speech Project//raw\Actor_07\03-01-01-01-01-02-07.wav,03-01-01-01-01-02-07.wav,neutral,07,normal,male
D://Speech Project//raw\Actor_07\03-01-01-01-02-01-07.wav,03-01-01-01-02-01-07.wav,neutral,07,normal,male
D://Speech Project//raw\Actor_07\03-01-01-01-02-02-07.wav,03-01-01-01-02-02-07.wav,neutral,07,normal,male
D://Speech Project//raw\Actor_07\03-01-02-01-01-01-07.wav,03-01-02-01-01-01-07.wav,calm,07,normal,male
D://Speech Project//raw\Actor_07\03-01-02-01-01-02-07.wav,03-01-02-01-01-02-07.wav,calm,07,normal,male
D://Speech Project//raw\Actor_07\03-01-02-01-02-01-07.wav,03-01-02-01-02-01-07.wav,calm,07,normal,male
D://Speech Project//raw\Actor_07\03-01-02-01-02-02-07.wav,03-01-02-01-02-02-07.wav,calm,07,normal,male
D://Speech Project//raw\Actor_07\03-01-02-02-01-01-07.wav,03-01-02-02-01-01-07.wav,calm,07,strong,male
D://Speech Project//raw\Actor_07\03-01-02-02-01-02-07.wav,03-01-02-02-01-02-07.wav,calm,07,strong,male
D://Speech Project//raw\Actor_07\03-01-02-02-02-01-07.wav,03-01-02-02-02-01-07.wav,calm,07,strong,male
D://Speech Project//raw\Actor_07\03-01-02-02-02-02-07.wav,03-01-02-02-02-02-07.wav,calm,07,strong,male
D://Speech Project//raw\Actor_07\03-01-03-01-01-01-07.wav,03-01-03-01-01-01-07.wav,happy,07,normal,male
D://Speech Project//raw\Actor_07\03-01-03-01-01-02-07.wav,03-01-03-01-01-02-07.wav,happy,07,normal,male
D://Speech Project//raw\Actor_07\03-01-03-01-02-01-07.wav,03-01-03-01-02-01-07.wav,happy,07,normal,male
D://Speech Project//raw\Actor_07\03-01-03-01-02-02-07.wav,03-01-03-01-02-02-07.wav,happy,07,normal,male
D://Speech Project//raw\Actor_07\03-01-03-02-01-01-07.wav,03-01-03-02-01-01-07.wav,happy,07,strong,male
D://Speech Project//raw\Actor_07\03-01-03-02-01-02-07.wav,03-01-03-02-01-02-07.wav,happy,07,strong,male
D://Speech Project//raw\Actor_07\03-01-03-02-02-01-07.wav,03-01-03-02-02-01-07.wav,happy,07,strong,male
D://Speech Project//raw\Actor_07\03-01-03-02-02-02-07.wav,03-01-03-02-02-02-07.wav,happy,07,strong,male
D://Speech Project//raw\Actor_07\03-01-04-01-01-01-07.wav,03-01-04-01-01-01-07.wav,sad,07,normal,male
D://Speech Project//raw\Actor_07\03-01-04-01-01-02-07.wav,03-01-04-01-01-02-07.wav,sad,07,normal,male
D://Speech Project//raw\Actor_07\03-01-04-01-02-01-07.wav,03-01-04-01-02-01-07.wav,sad,07,normal,male
D://Speech Project//raw\Actor_07\03-01-04-01-02-02-07.wav,03-01-04-01-02-02-07.wav,sad,07,normal,male
D://Speech Project//raw\Actor_07\03-01-04-02-01-01-07.wav,03-01-04-02-01-01-07.wav,sad,07,strong,male
D://Speech Project//raw\Actor_07\03-01-04-02-01-02-07.wav,03-01-04-02-01-02-07.wav,sad,07,strong,male
D://Speech Project//raw\Actor_07\03-01-04-02-02-01-07.wav,03-01-04-02-02-01-07.wav,sad,07,strong,male
D://Speech Project//raw\Actor_07\03-01-04-02-02-02-07.wav,03-01-04-02-02-02-07.wav,sad,07,strong,male
D://Speech Project//raw\Actor_07\03-01-05-01-01-01-07.wav,03-01-05-01-01-01-07.wav,angry,07,normal,male
D://Speech Project//raw\Actor_07\03-01-05-01-01-02-07.wav,03-01-05-01-01-02-07.wav,angry,07,normal,male
D://Speech Project//raw\Actor_07\03-01-05-01-02-01-07.wav,03-01-05-01-02-01-07.wav,angry,07,normal,male
D://Speech Project//raw\Actor_07\03-01-05-01-02-02-07.wav,03-01-05-01-02-02-07.wav,angry,07,normal,male
D://Speech Project//raw\Actor_07\03-01-05-02-01-01-07.wav,03-01-05-02-01-01-07.wav,angry,07,strong,male
D://Speech Project//raw\Actor_07\03-01-05-02-01-02-07.wav,03-01-05-02-01-02-07.wav,angry,07,strong,male
D://Speech Project//raw\Actor_07\03-01-05-02-02-01-07.wav,03-01-05-02-02-01-07.wav,angry,07,strong,male
D://Speech Project//raw\Actor_07\03-01-05-02-02-02-07.wav,03-01-05-02-02-02-07.wav,angry,07,strong,male
D://Speech Project//raw\Actor_07\03-01-06-01-01-01-07.wav,03-01-06-01-01-01-07.wav,fearful,07,normal,male
D://Speech Project//raw\Actor_07\03-01-06-01-01-02-07.wav,03-01-06-01-01-02-07.wav,fearful,07,normal,male
D://Speech Project//raw\Actor_07\03-01-06-01-02-01-07.wav,03-01-06-01-02-01-07.wav,fearful,07,normal,male
D://Speech Project//raw\Actor_07\03-01-06-01-02-02-07.wav,03-01-06-01-02-02-07.wav,fearful,07,normal,male
D://Speech Project//raw\Actor_07\03-01-06-02-01-01-07.wav,03-01-06-02-01-01-07.wav,fearful,07,strong,male
D://Speech Project//raw\Actor_07\03-01-06-02-01-02-07.wav,03-01-06-02-01-02-07.wav,fearful,07,strong,male
D://Speech Project//raw\Actor_07\03-01-06-02-02-01-07.wav,03-01-06-02-02-01-07.wav,fearful,07,strong,male
D://Speech Project//raw\Actor_07\03-01-06-02-02-02-07.wav,03-01-06-02-02-02-07.wav,fearful,07,strong,male
D://Speech Project//raw\Actor_07\03-01-07-01-01-01-07.wav,03-01-07-01-01-01-07.wav,disgust,07,normal,male
D://Speech Project//raw\Actor_07\03-01-07-01-01-02-07.wav,03-01-07-01-01-02-07.wav,disgust,07,normal,male
D://Speech Project//raw\Actor_07\03-01-07-01-02-01-07.wav,03-01-07-01-02-01-07.wav,disgust,07,normal,male
D://Speech Project//raw\Actor_07\03-01-07-01-02-02-07.wav,03-01-07-01-02-02-07.wav,disgust,07,normal,male
D://Speech Project//raw\Actor_07\03-01-07-02-01-01-07.wav,03-01-07-02-01-01-07.wav,disgust,07,strong,male
D://Speech Project//raw\Actor_07\03-01-07-02-01-02-07.wav,03-01-07-02-01-02-07.wav,disgust,07,strong,male
D://Speech Project//raw\Actor_07\03-01-07-02-02-01-07.wav,03-01-07-02-02-01-07.wav,disgust,07,strong,male
D://Speech Project//raw\Actor_07\03-01-07-02-02-02-07.wav,03-01-07-02-02-02-07.wav,disgust,07,strong,male
D://Speech Project//raw\Actor_07\03-01-08-01-01-01-07.wav,03-01-08-01-01-01-07.wav,surprised,07,normal,male
D://Speech Project//raw\Actor_07\03-01-08-01-01-02-07.wav,03-01-08-01-01-02-07.wav,surprised,07,normal,male
D://Speech Project//raw\Actor_07\03-01-08-01-02-01-07.wav,03-01-08-01-02-01-07.wav,surprised,07,normal,male
D://Speech Project//raw\Actor_07\03-01-08-01-02-02-07.wav,03-01-08-01-02-02-07.wav,surprised,07,normal,male
D://Speech Project//raw\Actor_07\03-01-08-02-01-01-07.wav,03-01-08-02-01-01-07.wav,surprised,07,strong,male
D://Speech Project//raw\Actor_07\03-01-08-02-01-02-07.wav,03-01-08-02-01-02-07.wav,surprised,07,strong,male
D://Speech Project//raw\Actor_07\03-01-08-02-02-01-07.wav,03-01-08-02-02-01-07.wav,surprised,07,strong,male
D://Speech Project//raw\Actor_07\03-01-08-02-02-02-07.wav,03-01-08-02-02-02-07.wav,surprised,07,strong,male
D://Speech Project//raw\Actor_08\03-01-01-01-01-01-08.wav,03-01-01-01-01-01-08.wav,neutral,08,normal,female
D://Speech Project//raw\Actor_08\03-01-01-01-01-02-08.wav,03-01-01-01-01-02-08.wav,neutral,08,normal,female
D://Speech Project//raw\Actor_08\03-01-01-01-02-01-08.wav,03-01-01-01-02-01-08.wav,neutral,08,normal,female
D://Speech Project//raw\Actor_08\03-01-01-01-02-02-08.wav,03-01-01-01-02-02-08.wav,neutral,08,normal,female
D://Speech Project//raw\Actor_08\03-01-02-01-01-01-08.wav,03-01-02-01-01-01-08.wav,calm,08,normal,female
D://Speech Project//raw\Actor_08\03-01-02-01-01-02-08.wav,03-01-02-01-01-02-08.wav,calm,08,normal,female
D://Speech Project//raw\Actor_08\03-01-02-01-02-01-08.wav,03-01-02-01-02-01-08.wav,calm,08,normal,female
D://Speech Project//raw\Actor_08\03-01-02-01-02-02-08.wav,03-01-02-01-02-02-08.wav,calm,08,normal,female
D://Speech Project//raw\Actor_08\03-01-02-02-01-01-08.wav,03-01-02-02-01-01-08.wav,calm,08,strong,female
D://Speech Project//raw\Actor_08\03-01-02-02-01-02-08.wav,03-01-02-02-01-02-08.wav,calm,08,strong,female
D://Speech Project//raw\Actor_08\03-01-02-02-02-01-08.wav,03-01-02-02-02-01-08.wav,calm,08,strong,female
D://Speech Project//raw\Actor_08\03-01-02-02-02-02-08.wav,03-01-02-02-02-02-08.wav,calm,08,strong,female
D://Speech Project//raw\Actor_08\03-01-03-01-01-01-08.wav,03-01-03-01-01-01-08.wav,happy,08,normal,female
D://Speech Project//raw\Actor_08\03-01-03-01-01-02-08.wav,03-01-03-01-01-02-08.wav,happy,08,normal,female
D://Speech Project//raw\Actor_08\03-01-03-01-02-01-08.wav,03-01-03-01-02-01-08.wav,happy,08,normal,female
D://Speech Project//raw\Actor_08\03-01-03-01-02-02-08.wav,03-01-03-01-02-02-08.wav,happy,08,normal,female
D://Speech Project//raw\Actor_08\03-01-03-02-01-01-08.wav,03-01-03-02-01-01-08.wav,happy,08,strong,female
D://Speech Project//raw\Actor_08\03-01-03-02-01-02-08.wav,03-01-03-02-01-02-08.wav,happy,08,strong,female
D://Speech Project//raw\Actor_08\03-01-03-02-02-01-08.wav,03-01-03-02-02-01-08.wav,happy,08,strong,female
D://Speech Project//raw\Actor_08\03-01-03-02-02-02-08.wav,03-01-03-02-02-02-08.wav,happy,08,strong,female
D://Speech Project//raw\Actor_08\03-01-04-01-01-01-08.wav,03-01-04-01-01-01-08.wav,sad,08,normal,female
D://Speech Project//raw\Actor_08\03-01-04-01-01-02-08.wav,03-01-04-01-01-02-08.wav,sad,08,normal,female
D://Speech Project//raw\Actor_08\03-01-04-01-02-01-08.wav,03-01-04-01-02-01-08.wav,sad,08,normal,female
D://Speech Project//raw\Actor_08\03-01-04-01-02-02-08.wav,03-01-04-01-02-02-08.wav,sad,08,normal,female
D://Speech Project//raw\Actor_08\03-01-04-02-01-01-08.wav,03-01-04-02-01-01-08.wav,sad,08,strong,female
D://Speech Project//raw\Actor_08\03-01-04-02-01-02-08.wav,03-01-04-02-01-02-08.wav,sad,08,strong,female
D://Speech Project//raw\Actor_08\03-01-04-02-02-01-08.wav,03-01-04-02-02-01-08.wav,sad,08,strong,female
D://Speech Project//raw\Actor_08\03-01-04-02-02-02-08.wav,03-01-04-02-02-02-08.wav,sad,08,strong,female
D://Speech Project//raw\Actor_08\03-01-05-01-01-01-08.wav,03-01-05-01-01-01-08.wav,angry,08,normal,female
D://Speech Project//raw\Actor_08\03-01-05-01-01-02-08.wav,03-01-05-01-01-02-08.wav,angry,08,normal,female
D://Speech Project//raw\Actor_08\03-01-05-01-02-01-08.wav,03-01-05-01-02-01-08.wav,angry,08,normal,female
D://Speech Project//raw\Actor_08\03-01-05-01-02-02-08.wav,03-01-05-01-02-02-08.wav,angry,08,normal,female
D://Speech Project//raw\Actor_08\03-01-05-02-01-01-08.wav,03-01-05-02-01-01-08.wav,angry,08,strong,female
D://Speech Project//raw\Actor_08\03-01-05-02-01-02-08.wav,03-01-05-02-01-02-08.wav,angry,08,strong,female
D://Speech Project//raw\Actor_08\03-01-05-02-02-01-08.wav,03-01-05-02-02-01-08.wav,angry,08,strong,female
D://Speech Project//raw\Actor_08\03-01-05-02-02-02-08.wav,03-01-05-02-02-02-08.wav,angry,08,strong,female
D://Speech Project//raw\Actor_08\03-01-06-01-01-01-08.wav,03-01-06-01-01-01-08.wav,fearful,08,normal,female
D://Speech Project//raw\Actor_08\03-01-06-01-01-02-08.wav,03-01-06-01-01-02-08.wav,fearful,08,normal,female
D://Speech Project//raw\Actor_08\03-01-06-01-02-01-08.wav,03-01-06-01-02-01-08.wav,fearful,08,normal,female
D://Speech Project//raw\Actor_08\03-01-06-01-02-02-08.wav,03-01-06-01-02-02-08.wav,fearful,08,normal,female
D://Speech Project//raw\Actor_08\03-01-06-02-01-01-08.wav,03-01-06-02-01-01-08.wav,fearful,08,strong,female
D://Speech Project//raw\Actor_08\03-01-06-02-01-02-08.wav,03-01-06-02-01-02-08.wav,fearful,08,strong,female
D://Speech Project//raw\Actor_08\03-01-06-02-02-01-08.wav,03-01-06-02-02-01-08.wav,fearful,08,strong,female
D://Speech Project//raw\Actor_08\03-01-06-02-02-02-08.wav,03-01-06-02-02-02-08.wav,fearful,08,strong,female
D://Speech Project//raw\Actor_08\03-01-07-01-01-01-08.wav,03-01-07-01-01-01-08.wav,disgust,08,normal,female
D://Speech Project//raw\Actor_08\03-01-07-01-01-02-08.wav,03-01-07-01-01-02-08.wav,disgust,08,normal,female
D://Speech Project//raw\Actor_08\03-01-07-01-02-01-08.wav,03-01-07-01-02-01-08.wav,disgust,08,normal,female
D://Speech Project//raw\Actor_08\03-01-07-01-02-02-08.wav,03-01-07-01-02-02-08.wav,disgust,08,normal,female
D://Speech Project//raw\Actor_08\03-01-07-02-01-01-08.wav,03-01-07-02-01-01-08.wav,disgust,08,strong,female
D://Speech Project//raw\Actor_08\03-01-07-02-01-02-08.wav,03-01-07-02-01-02-08.wav,disgust,08,strong,female
D://Speech Project//raw\Actor_08\03-01-07-02-02-01-08.wav,03-01-07-02-02-01-08.wav,disgust,08,strong,female
D://Speech Project//raw\Actor_08\03-01-07-02-02-02-08.wav,03-01-07-02-02-02-08.wav,disgust,08,strong,female
D://Speech Project//raw\Actor_08\03-01-08-01-01-01-08.wav,03-01-08-01-01-01-08.wav,surprised,08,normal,female
D://Speech Project//raw\Actor_08\03-01-08-01-01-02-08.wav,03-01-08-01-01-02-08.wav,surprised,08,normal,female
D://Speech Project//raw\Actor_08\03-01-08-01-02-01-08.wav,03-01-08-01-02-01-08.wav,surprised,08,normal,female
D://Speech Project//raw\Actor_08\03-01-08-01-02-02-08.wav,03-01-08-01-02-02-08.wav,surprised,08,normal,female
D://Speech Project//raw\Actor_08\03-01-08-02-01-01-08.wav,03-01-08-02-01-01-08.wav,surprised,08,strong,female
D://Speech Project//raw\Actor_08\03-01-08-02-01-02-08.wav,03-01-08-02-01-02-08.wav,surprised,08,strong,female
D://Speech Project//raw\Actor_08\03-01-08-02-02-01-08.wav,03-01-08-02-02-01-08.wav,surprised,08,strong,female
D://Speech Project//raw\Actor_08\03-01-08-02-02-02-08.wav,03-01-08-02-02-02-08.wav,surprised,08,strong,female
D://Speech Project//raw\Actor_09\03-01-01-01-01-01-09.wav,03-01-01-01-01-01-09.wav,neutral,09,normal,male
D://Speech Project//raw\Actor_09\03-01-01-01-01-02-09.wav,03-01-01-01-01-02-09.wav,neutral,09,normal,male
D://Speech Project//raw\Actor_09\03-01-01-01-02-01-09.wav,03-01-01-01-02-01-09.wav,neutral,09,normal,male
D://Speech Project//raw\Actor_09\03-01-01-01-02-02-09.wav,03-01-01-01-02-02-09.wav,neutral,09,normal,male
D://Speech Project//raw\Actor_09\03-01-02-01-01-01-09.wav,03-01-02-01-01-01-09.wav,calm,09,normal,male
D://Speech Project//raw\Actor_09\03-01-02-01-01-02-09.wav,03-01-02-01-01-02-09.wav,calm,09,normal,male
D://Speech Project//raw\Actor_09\03-01-02-01-02-01-09.wav,03-01-02-01-02-01-09.wav,calm,09,normal,male
D://Speech Project//raw\Actor_09\03-01-02-01-02-02-09.wav,03-01-02-01-02-02-09.wav,calm,09,normal,male
D://Speech Project//raw\Actor_09\03-01-02-02-01-01-09.wav,03-01-02-02-01-01-09.wav,calm,09,strong,male
D://Speech Project//raw\Actor_09\03-01-02-02-01-02-09.wav,03-01-02-02-01-02-09.wav,calm,09,strong,male
D://Speech Project//raw\Actor_09\03-01-02-02-02-01-09.wav,03-01-02-02-02-01-09.wav,calm,09,strong,male
D://Speech Project//raw\Actor_09\03-01-02-02-02-02-09.wav,03-01-02-02-02-02-09.wav,calm,09,strong,male
D://Speech Project//raw\Actor_09\03-01-03-01-01-01-09.wav,03-01-03-01-01-01-09.wav,happy,09,normal,male
D://Speech Project//raw\Actor_09\03-01-03-01-01-02-09.wav,03-01-03-01-01-02-09.wav,happy,09,normal,male
D://Speech Project//raw\Actor_09\03-01-03-01-02-01-09.wav,03-01-03-01-02-01-09.wav,happy,09,normal,male
D://Speech Project//raw\Actor_09\03-01-03-01-02-02-09.wav,03-01-03-01-02-02-09.wav,happy,09,normal,male
D://Speech Project//raw\Actor_09\03-01-03-02-01-01-09.wav,03-01-03-02-01-01-09.wav,happy,09,strong,male
D://Speech Project//raw\Actor_09\03-01-03-02-01-02-09.wav,03-01-03-02-01-02-09.wav,happy,09,strong,male
D://Speech Project//raw\Actor_09\03-01-03-02-02-01-09.wav,03-01-03-02-02-01-09.wav,happy,09,strong,male
D://Speech Project//raw\Actor_09\03-01-03-02-02-02-09.wav,03-01-03-02-02-02-09.wav,happy,09,strong,male
D://Speech Project//raw\Actor_09\03-01-04-01-01-01-09.wav,03-01-04-01-01-01-09.wav,sad,09,normal,male
D://Speech Project//raw\Actor_09\03-01-04-01-01-02-09.wav,03-01-04-01-01-02-09.wav,sad,09,normal,male
D://Speech Project//raw\Actor_09\03-01-04-01-02-01-09.wav,03-01-04-01-02-01-09.wav,sad,09,normal,male
D://Speech Project//raw\Actor_09\03-01-04-01-02-02-09.wav,03-01-04-01-02-02-09.wav,sad,09,normal,male
D://Speech Project//raw\Actor_09\03-01-04-02-01-01-09.wav,03-01-04-02-01-01-09.wav,sad,09,strong,male
D://Speech Project//raw\Actor_09\03-01-04-02-01-02-09.wav,03-01-04-02-01-02-09.wav,sad,09,strong,male
D://Speech Project//raw\Actor_09\03-01-04-02-02-01-09.wav,03-01-04-02-02-01-09.wav,sad,09,strong,male
D://Speech Project//raw\Actor_09\03-01-04-02-02-02-09.wav,03-01-04-02-02-02-09.wav,sad,09,strong,male
D://Speech Project//raw\Actor_09\03-01-05-01-01-01-09.wav,03-01-05-01-01-01-09.wav,angry,09,normal,male
D://Speech Project//raw\Actor_09\03-01-05-01-01-02-09.wav,03-01-05-01-01-02-09.wav,angry,09,normal,male
D://Speech Project//raw\Actor_09\03-01-05-01-02-01-09.wav,03-01-05-01-02-01-09.wav,angry,09,normal,male
D://Speech Project//raw\Actor_09\03-01-05-01-02-02-09.wav,03-01-05-01-02-02-09.wav,angry,09,normal,male
D://Speech Project//raw\Actor_09\03-01-05-02-01-01-09.wav,03-01-05-02-01-01-09.wav,angry,09,strong,male
D://Speech Project//raw\Actor_09\03-01-05-02-01-02-09.wav,03-01-05-02-01-02-09.wav,angry,09,strong,male
D://Speech Project//raw\Actor_09\03-01-05-02-02-01-09.wav,03-01-05-02-02-01-09.wav,angry,09,strong,male
D://Speech Project//raw\Actor_09\03-01-05-02-02-02-09.wav,03-01-05-02-02-02-09.wav,angry,09,strong,male
D://Speech Project//raw\Actor_09\03-01-06-01-01-01-09.wav,03-01-06-01-01-01-09.wav,fearful,09,normal,male
D://Speech Project//raw\Actor_09\03-01-06-01-01-02-09.wav,03-01-06-01-01-02-09.wav,fearful,09,normal,male
D://Speech Project//raw\Actor_09\03-01-06-01-02-01-09.wav,03-01-06-01-02-01-09.wav,fearful,09,normal,male
D://Speech Project//raw\Actor_09\03-01-06-01-02-02-09.wav,03-01-06-01-02-02-09.wav,fearful,09,normal,male
D://Speech Project//raw\Actor_09\03-01-06-02-01-01-09.wav,03-01-06-02-01-01-09.wav,fearful,09,strong,male
D://Speech Project//raw\Actor_09\03-01-06-02-01-02-09.wav,03-01-06-02-01-02-09.wav,fearful,09,strong,male
D://Speech Project//raw\Actor_09\03-01-06-02-02-01-09.wav,03-01-06-02-02-01-09.wav,fearful,09,strong,male
D://Speech Project//raw\Actor_09\03-01-06-02-02-02-09.wav,03-01-06-02-02-02-09.wav,fearful,09,strong,male
D://Speech Project//raw\Actor_09\03-01-07-01-01-01-09.wav,03-01-07-01-01-01-09.wav,disgust,09,normal,male
D://Speech Project//raw\Actor_09\03-01-07-01-01-02-09.wav,03-01-07-01-01-02-09.wav,disgust,09,normal,male
D://Speech Project//raw\Actor_09\03-01-07-01-02-01-09.wav,03-01-07-01-02-01-09.wav,disgust,09,normal,male
D://Speech Project//raw\Actor_09\03-01-07-01-02-02-09.wav,03-01-07-01-02-02-09.wav,disgust,09,normal,male
D://Speech Project//raw\Actor_09\03-01-07-02-01-01-09.wav,03-01-07-02-01-01-09.wav,disgust,09,strong,male
D://Speech Project//raw\Actor_09\03-01-07-02-01-02-09.wav,03-01-07-02-01-02-09.wav,disgust,09,strong,male
D://Speech Project//raw\Actor_09\03-01-07-02-02-01-09.wav,03-01-07-02-02-01-09.wav,disgust,09,strong,male
D://Speech Project//raw\Actor_09\03-01-07-02-02-02-09.wav,03-01-07-02-02-02-09.wav,disgust,09,strong,male
D://Speech Project//raw\Actor_09\03-01-08-01-01-01-09.wav,03-01-08-01-01-01-09.wav,surprised,09,normal,male
D://Speech Project//raw\Actor_09\03-01-08-01-01-02-09.wav,03-01-08-01-01-02-09.wav,surprised,09,normal,male
D://Speech Project//raw\Actor_09\03-01-08-01-02-01-09.wav,03-01-08-01-02-01-09.wav,surprised,09,normal,male
D://Speech Project//raw\Actor_09\03-01-08-01-02-02-09.wav,03-01-08-01-02-02-09.wav,surprised,09,normal,male
D://Speech Project//raw\Actor_09\03-01-08-02-01-01-09.wav,03-01-08-02-01-01-09.wav,surprised,09,strong,male
D://Speech Project//raw\Actor_09\03-01-08-02-01-02-09.wav,03-01-08-02-01-02-09.wav,surprised,09,strong,male
D://Speech Project//raw\Actor_09\03-01-08-02-02-01-09.wav,03-01-08-02-02-01-09.wav,surprised,09,strong,male
D://Speech Project//raw\Actor_09\03-01-08-02-02-02-09.wav,03-01-08-02-02-02-09.wav,surprised,09,strong,male
D://Speech Project//raw\Actor_10\03-01-01-01-01-01-10.wav,03-01-01-01-01-01-10.wav,neutral,10,normal,female
D://Speech Project//raw\Actor_10\03-01-01-01-01-02-10.wav,03-01-01-01-01-02-10.wav,neutral,10,normal,female
D://Speech Project//raw\Actor_10\03-01-01-01-02-01-10.wav,03-01-01-01-02-01-10.wav,neutral,10,normal,female
D://Speech Project//raw\Actor_10\03-01-01-01-02-02-10.wav,03-01-01-01-02-02-10.wav,neutral,10,normal,female
D://Speech Project//raw\Actor_10\03-01-02-01-01-01-10.wav,03-01-02-01-01-01-10.wav,calm,10,normal,female
D://Speech Project//raw\Actor_10\03-01-02-01-01-02-10.wav,03-01-02-01-01-02-10.wav,calm,10,normal,female
D://Speech Project//raw\Actor_10\03-01-02-01-02-01-10.wav,03-01-02-01-02-01-10.wav,calm,10,normal,female
D://Speech Project//raw\Actor_10\03-01-02-01-02-02-10.wav,03-01-02-01-02-02-10.wav,calm,10,normal,female
D://Speech Project//raw\Actor_10\03-01-02-02-01-01-10.wav,03-01-02-02-01-01-10.wav,calm,10,strong,female
D://Speech Project//raw\Actor_10\03-01-02-02-01-02-10.wav,03-01-02-02-01-02-10.wav,calm,10,strong,female
D://Speech Project//raw\Actor_10\03-01-02-02-02-01-10.wav,03-01-02-02-02-01-10.wav,calm,10,strong,female
D://Speech Project//raw\Actor_10\03-01-02-02-02-02-10.wav,03-01-02-02-02-02-10.wav,calm,10,strong,female
D://Speech Project//raw\Actor_10\03-01-03-01-01-01-10.wav,03-01-03-01-01-01-10.wav,happy,10,normal,female
D://Speech Project//raw\Actor_10\03-01-03-01-01-02-10.wav,03-01-03-01-01-02-10.wav,happy,10,normal,female
D://Speech Project//raw\Actor_10\03-01-03-01-02-01-10.wav,03-01-03-01-02-01-10.wav,happy,10,normal,female
D://Speech Project//raw\Actor_10\03-01-03-01-02-02-10.wav,03-01-03-01-02-02-10.wav,happy,10,normal,female
D://Speech Project//raw\Actor_10\03-01-03-02-01-01-10.wav,03-01-03-02-01-01-10.wav,happy,10,strong,female
D://Speech Project//raw\Actor_10\03-01-03-02-01-02-10.wav,03-01-03-02-01-02-10.wav,happy,10,strong,female
D://Speech Project//raw\Actor_10\03-01-03-02-02-01-10.wav,03-01-03-02-02-01-10.wav,happy,10,strong,female
D://Speech Project//raw\Actor_10\03-01-03-02-02-02-10.wav,03-01-03-02-02-02-10.wav,happy,10,strong,female
D://Speech Project//raw\Actor_10\03-01-04-01-01-01-10.wav,03-01-04-01-01-01-10.wav,sad,10,normal,female
D://Speech Project//raw\Actor_10\03-01-04-01-01-02-10.wav,03-01-04-01-01-02-10.wav,sad,10,normal,female
D://Speech Project//raw\Actor_10\03-01-04-01-02-01-10.wav,03-01-04-01-02-01-10.wav,sad,10,normal,female
D://Speech Project//raw\Actor_10\03-01-04-01-02-02-10.wav,03-01-04-01-02-02-10.wav,sad,10,normal,female
D://Speech Project//raw\Actor_10\03-01-04-02-01-01-10.wav,03-01-04-02-01-01-10.wav,sad,10,strong,female
D://Speech Project//raw\Actor_10\03-01-04-02-01-02-10.wav,03-01-04-02-01-02-10.wav,sad,10,strong,female
D://Speech Project//raw\Actor_10\03-01-04-02-02-01-10.wav,03-01-04-02-02-01-10.wav,sad,10,strong,female
D://Speech Project//raw\Actor_10\03-01-04-02-02-02-10.wav,03-01-04-02-02-02-10.wav,sad,10,strong,female
D://Speech Project//raw\Actor_10\03-01-05-01-01-01-10.wav,03-01-05-01-01-01-10.wav,angry,10,normal,female
D://Speech Project//raw\Actor_10\03-01-05-01-01-02-10.wav,03-01-05-01-01-02-10.wav,angry,10,normal,female
D://Speech Project//raw\Actor_10\03-01-05-01-02-01-10.wav,03-01-05-01-02-01-10.wav,angry,10,normal,female
D://Speech Project//raw\Actor_10\03-01-05-01-02-02-10.wav,03-01-05-01-02-02-10.wav,angry,10,normal,female
D://Speech Project//raw\Actor_10\03-01-05-02-01-01-10.wav,03-01-05-02-01-01-10.wav,angry,10,strong,female
D://Speech Project//raw\Actor_10\03-01-05-02-01-02-10.wav,03-01-05-02-01-02-10.wav,angry,10,strong,female
D://Speech Project//raw\Actor_10\03-01-05-02-02-01-10.wav,03-01-05-02-02-01-10.wav,angry,10,strong,female
D://Speech Project//raw\Actor_10\03-01-05-02-02-02-10.wav,03-01-05-02-02-02-10.wav,angry,10,strong,female
D://Speech Project//raw\Actor_10\03-01-06-01-01-01-10.wav,03-01-06-01-01-01-10.wav,fearful,10,normal,female
D://Speech Project//raw\Actor_10\03-01-06-01-01-02-10.wav,03-01-06-01-01-02-10.wav,fearful,10,normal,female
D://Speech Project//raw\Actor_10\03-01-06-01-02-01-10.wav,03-01-06-01-02-01-10.wav,fearful,10,normal,female
D://Speech Project//raw\Actor_10\03-01-06-01-02-02-10.wav,03-01-06-01-02-02-10.wav,fearful,10,normal,female
D://Speech Project//raw\Actor_10\03-01-06-02-01-01-10.wav,03-01-06-02-01-01-10.wav,fearful,10,strong,female
D://Speech Project//raw\Actor_10\03-01-06-02-01-02-10.wav,03-01-06-02-01-02-10.wav,fearful,10,strong,female
D://Speech Project//raw\Actor_10\03-01-06-02-02-01-10.wav,03-01-06-02-02-01-10.wav,fearful,10,strong,female
D://Speech Project//raw\Actor_10\03-01-06-02-02-02-10.wav,03-01-06-02-02-02-10.wav,fearful,10,strong,female
D://Speech Project//raw\Actor_10\03-01-07-01-01-01-10.wav,03-01-07-01-01-01-10.wav,disgust,10,normal,female
D://Speech Project//raw\Actor_10\03-01-07-01-01-02-10.wav,03-01-07-01-01-02-10.wav,disgust,10,normal,female
D://Speech Project//raw\Actor_10\03-01-07-01-02-01-10.wav,03-01-07-01-02-01-10.wav,disgust,10,normal,female
D://Speech Project//raw\Actor_10\03-01-07-01-02-02-10.wav,03-01-07-01-02-02-10.wav,disgust,10,normal,female
D://Speech Project//raw\Actor_10\03-01-07-02-01-01-10.wav,03-01-07-02-01-01-10.wav,disgust,10,strong,female
D://Speech Project//raw\Actor_10\03-01-07-02-01-02-10.wav,03-01-07-02-01-02-10.wav,disgust,10,strong,female
D://Speech Project//raw\Actor_10\03-01-07-02-02-01-10.wav,03-01-07-02-02-01-10.wav,disgust,10,strong,female
D://Speech Project//raw\Actor_10\03-01-07-02-02-02-10.wav,03-01-07-02-02-02-10.wav,disgust,10,strong,female
D://Speech Project//raw\Actor_10\03-01-08-01-01-01-10.wav,03-01-08-01-01-01-10.wav,surprised,10,normal,female
D://Speech Project//raw\Actor_10\03-01-08-01-01-02-10.wav,03-01-08-01-01-02-10.wav,surprised,10,normal,female
D://Speech Project//raw\Actor_10\03-01-08-01-02-01-10.wav,03-01-08-01-02-01-10.wav,surprised,10,normal,female
D://Speech Project//raw\Actor_10\03-01-08-01-02-02-10.wav,03-01-08-01-02-02-10.wav,surprised,10,normal,female
D://Speech Project//raw\Actor_10\03-01-08-02-01-01-10.wav,03-01-08-02-01-01-10.wav,surprised,10,strong,female
D://Speech Project//raw\Actor_10\03-01-08-02-01-02-10.wav,03-01-08-02-01-02-10.wav,surprised,10,strong,female
D://Speech Project//raw\Actor_10\03-01-08-02-02-01-10.wav,03-01-08-02-02-01-10.wav,surprised,10,strong,female
D://Speech Project//raw\Actor_10\03-01-08-02-02-02-10.wav,03-01-08-02-02-02-10.wav,surprised,10,strong,female
D://Speech Project//raw\Actor_11\03-01-01-01-01-01-11.wav,03-01-01-01-01-01-11.wav,neutral,11,normal,male
D://Speech Project//raw\Actor_11\03-01-01-01-01-02-11.wav,03-01-01-01-01-02-11.wav,neutral,11,normal,male
D://Speech Project//raw\Actor_11\03-01-01-01-02-01-11.wav,03-01-01-01-02-01-11.wav,neutral,11,normal,male
D://Speech Project//raw\Actor_11\03-01-01-01-02-02-11.wav,03-01-01-01-02-02-11.wav,neutral,11,normal,male
D://Speech Project//raw\Actor_11\03-01-02-01-01-01-11.wav,03-01-02-01-01-01-11.wav,calm,11,normal,male
D://Speech Project//raw\Actor_11\03-01-02-01-01-02-11.wav,03-01-02-01-01-02-11.wav,calm,11,normal,male
D://Speech Project//raw\Actor_11\03-01-02-01-02-01-11.wav,03-01-02-01-02-01-11.wav,calm,11,normal,male
D://Speech Project//raw\Actor_11\03-01-02-01-02-02-11.wav,03-01-02-01-02-02-11.wav,calm,11,normal,male
D://Speech Project//raw\Actor_11\03-01-02-02-01-01-11.wav,03-01-02-02-01-01-11.wav,calm,11,strong,male
D://Speech Project//raw\Actor_11\03-01-02-02-01-02-11.wav,03-01-02-02-01-02-11.wav,calm,11,strong,male
D://Speech Project//raw\Actor_11\03-01-02-02-02-01-11.wav,03-01-02-02-02-01-11.wav,calm,11,strong,male
D://Speech Project//raw\Actor_11\03-01-02-02-02-02-11.wav,03-01-02-02-02-02-11.wav,calm,11,strong,male
D://Speech Project//raw\Actor_11\03-01-03-01-01-01-11.wav,03-01-03-01-01-01-11.wav,happy,11,normal,male
D://Speech Project//raw\Actor_11\03-01-03-01-01-02-11.wav,03-01-03-01-01-02-11.wav,happy,11,normal,male
D://Speech Project//raw\Actor_11\03-01-03-01-02-01-11.wav,03-01-03-01-02-01-11.wav,happy,11,normal,male
D://Speech Project//raw\Actor_11\03-01-03-01-02-02-11.wav,03-01-03-01-02-02-11.wav,happy,11,normal,male
D://Speech Project//raw\Actor_11\03-01-03-02-01-01-11.wav,03-01-03-02-01-01-11.wav,happy,11,strong,male
D://Speech Project//raw\Actor_11\03-01-03-02-01-02-11.wav,03-01-03-02-01-02-11.wav,happy,11,strong,male
D://Speech Project//raw\Actor_11\03-01-03-02-02-01-11.wav,03-01-03-02-02-01-11.wav,happy,11,strong,male
D://Speech Project//raw\Actor_11\03-01-03-02-02-02-11.wav,03-01-03-02-02-02-11.wav,happy,11,strong,male
D://Speech Project//raw\Actor_11\03-01-04-01-01-01-11.wav,03-01-04-01-01-01-11.wav,sad,11,normal,male
D://Speech Project//raw\Actor_11\03-01-04-01-01-02-11.wav,03-01-04-01-01-02-11.wav,sad,11,normal,male
D://Speech Project//raw\Actor_11\03-01-04-01-02-01-11.wav,03-01-04-01-02-01-11.wav,sad,11,normal,male
D://Speech Project//raw\Actor_11\03-01-04-01-02-02-11.wav,03-01-04-01-02-02-11.wav,sad,11,normal,male
D://Speech Project//raw\Actor_11\03-01-04-02-01-01-11.wav,03-01-04-02-01-01-11.wav,sad,11,strong,male
D://Speech Project//raw\Actor_11\03-01-04-02-01-02-11.wav,03-01-04-02-01-02-11.wav,sad,11,strong,male
D://Speech Project//raw\Actor_11\03-01-04-02-02-01-11.wav,03-01-04-02-02-01-11.wav,sad,11,strong,male
D://Speech Project//raw\Actor_11\03-01-04-02-02-02-11.wav,03-01-04-02-02-02-11.wav,sad,11,strong,male
D://Speech Project//raw\Actor_11\03-01-05-01-01-01-11.wav,03-01-05-01-01-01-11.wav,angry,11,normal,male
D://Speech Project//raw\Actor_11\03-01-05-01-01-02-11.wav,03-01-05-01-01-02-11.wav,angry,11,normal,male
D://Speech Project//raw\Actor_11\03-01-05-01-02-01-11.wav,03-01-05-01-02-01-11.wav,angry,11,normal,male
D://Speech Project//raw\Actor_11\03-01-05-01-02-02-11.wav,03-01-05-01-02-02-11.wav,angry,11,normal,male
D://Speech Project//raw\Actor_11\03-01-05-02-01-01-11.wav,03-01-05-02-01-01-11.wav,angry,11,strong,male
D://Speech Project//raw\Actor_11\03-01-05-02-01-02-11.wav,03-01-05-02-01-02-11.wav,angry,11,strong,male
D://Speech Project//raw\Actor_11\03-01-05-02-02-01-11.wav,03-01-05-02-02-01-11.wav,angry,11,strong,male
D://Speech Project//raw\Actor_11\03-01-05-02-02-02-11.wav,03-01-05-02-02-02-11.wav,angry,11,strong,male
D://Speech Project//raw\Actor_11\03-01-06-01-01-01-11.wav,03-01-06-01-01-01-11.wav,fearful,11,normal,male
D://Speech Project//raw\Actor_11\03-01-06-01-01-02-11.wav,03-01-06-01-01-02-11.wav,fearful,11,normal,male
D://Speech Project//raw\Actor_11\03-01-06-01-02-01-11.wav,03-01-06-01-02-01-11.wav,fearful,11,normal,male
D://Speech Project//raw\Actor_11\03-01-06-01-02-02-11.wav,03-01-06-01-02-02-11.wav,fearful,11,normal,male
D://Speech Project//raw\Actor_11\03-01-06-02-01-01-11.wav,03-01-06-02-01-01-11.wav,fearful,11,strong,male
D://Speech Project//raw\Actor_11\03-01-06-02-01-02-11.wav,03-01-06-02-01-02-11.wav,fearful,11,strong,male
D://Speech Project//raw\Actor_11\03-01-06-02-02-01-11.wav,03-01-06-02-02-01-11.wav,fearful,11,strong,male
D://Speech Project//raw\Actor_11\03-01-06-02-02-02-11.wav,03-01-06-02-02-02-11.wav,fearful,11,strong,male
D://Speech Project//raw\Actor_11\03-01-07-01-01-01-11.wav,03-01-07-01-01-01-11.wav,disgust,11,normal,male
D://Speech Project//raw\Actor_11\03-01-07-01-01-02-11.wav,03-01-07-01-01-02-11.wav,disgust,11,normal,male
D://Speech Project//raw\Actor_11\03-01-07-01-02-01-11.wav,03-01-07-01-02-01-11.wav,disgust,11,normal,male
D://Speech Project//raw\Actor_11\03-01-07-01-02-02-11.wav,03-01-07-01-02-02-11.wav,disgust,11,normal,male
D://Speech Project//raw\Actor_11\03-01-07-02-01-01-11.wav,03-01-07-02-01-01-11.wav,disgust,11,strong,male
D://Speech Project//raw\Actor_11\03-01-07-02-01-02-11.wav,03-01-07-02-01-02-11.wav,disgust,11,strong,male
D://Speech Project//raw\Actor_11\03-01-07-02-02-01-11.wav,03-01-07-02-02-01-11.wav,disgust,11,strong,male
D://Speech Project//raw\Actor_11\03-01-07-02-02-02-11.wav,03-01-07-02-02-02-11.wav,disgust,11,strong,male
D://Speech Project//raw\Actor_11\03-01-08-01-01-01-11.wav,03-01-08-01-01-01-11.wav,surprised,11,normal,male
D://Speech Project//raw\Actor_11\03-01-08-01-01-02-11.wav,03-01-08-01-01-02-11.wav,surprised,11,normal,male
D://Speech Project//raw\Actor_11\03-01-08-01-02-01-11.wav,03-01-08-01-02-01-11.wav,surprised,11,normal,male
D://Speech Project//raw\Actor_11\03-01-08-01-02-02-11.wav,03-01-08-01-02-02-11.wav,surprised,11,normal,male
D://Speech Project//raw\Actor_11\03-01-08-02-01-01-11.wav,03-01-08-02-01-01-11.wav,surprised,11,strong,male
D://Speech Project//raw\Actor_11\03-01-08-02-01-02-11.wav,03-01-08-02-01-02-11.wav,surprised,11,strong,male
D://Speech Project//raw\Actor_11\03-01-08-02-02-01-11.wav,03-01-08-02-02-01-11.wav,surprised,11,strong,male
D://Speech Project//raw\Actor_11\03-01-08-02-02-02-11.wav,03-01-08-02-02-02-11.wav,surprised,11,strong,male
D://Speech Project//raw\Actor_13\03-01-01-01-01-01-13.wav,03-01-01-01-01-01-13.wav,neutral,13,normal,male
D://Speech Project//raw\Actor_13\03-01-01-01-01-02-13.wav,03-01-01-01-01-02-13.wav,neutral,13,normal,male
D://Speech Project//raw\Actor_13\03-01-01-01-02-01-13.wav,03-01-01-01-02-01-13.wav,neutral,13,normal,male
D://Speech Project//raw\Actor_13\03-01-01-01-02-02-13.wav,03-01-01-01-02-02-13.wav,neutral,13,normal,male
D://Speech Project//raw\Actor_13\03-01-02-01-01-01-13.wav,03-01-02-01-01-01-13.wav,calm,13,normal,male
D://Speech Project//raw\Actor_13\03-01-02-01-01-02-13.wav,03-01-02-01-01-02-13.wav,calm,13,normal,male
D://Speech Project//raw\Actor_13\03-01-02-01-02-01-13.wav,03-01-02-01-02-01-13.wav,calm,13,normal,male
D://Speech Project//raw\Actor_13\03-01-02-01-02-02-13.wav,03-01-02-01-02-02-13.wav,calm,13,normal,male
D://Speech Project//raw\Actor_13\03-01-02-02-01-01-13.wav,03-01-02-02-01-01-13.wav,calm,13,strong,male
D://Speech Project//raw\Actor_13\03-01-02-02-01-02-13.wav,03-01-02-02-01-02-13.wav,calm,13,strong,male
D://Speech Project//raw\Actor_13\03-01-02-02-02-01-13.wav,03-01-02-02-02-01-13.wav,calm,13,strong,male
D://Speech Project//raw\Actor_13\03-01-02-02-02-02-13.wav,03-01-02-02-02-02-13.wav,calm,13,strong,male
D://Speech Project//raw\Actor_13\03-01-03-01-01-01-13.wav,03-01-03-01-01-01-13.wav,happy,13,normal,male
D://Speech Project//raw\Actor_13\03-01-03-01-01-02-13.wav,03-01-03-01-01-02-13.wav,happy,13,normal,male
D://Speech Project//raw\Actor_13\03-01-03-01-02-01-13.wav,03-01-03-01-02-01-13.wav,happy,13,normal,male
D://Speech Project//raw\Actor_13\03-01-03-01-02-02-13.wav,03-01-03-01-02-02-13.wav,happy,13,normal,male
D://Speech Project//raw\Actor_13\03-01-03-02-01-01-13.wav,03-01-03-02-01-01-13.wav,happy,13,strong,male
D://Speech Project//raw\Actor_13\03-01-03-02-01-02-13.wav,03-01-03-02-01-02-13.wav,happy,13,strong,male
D://Speech Project//raw\Actor_13\03-01-03-02-02-01-13.wav,03-01-03-02-02-01-13.wav,happy,13,strong,male
D://Speech Project//raw\Actor_13\03-01-03-02-02-02-13.wav,03-01-03-02-02-02-13.wav,happy,13,strong,male
D://Speech Project//raw\Actor_13\03-01-04-01-01-01-13.wav,03-01-04-01-01-01-13.wav,sad,13,normal,male
D://Speech Project//raw\Actor_13\03-01-04-01-01-02-13.wav,03-01-04-01-01-02-13.wav,sad,13,normal,male
D://Speech Project//raw\Actor_13\03-01-04-01-02-01-13.wav,03-01-04-01-02-01-13.wav,sad,13,normal,male
D://Speech Project//raw\Actor_13\03-01-04-01-02-02-13.wav,03-01-04-01-02-02-13.wav,sad,13,normal,male
D://Speech Project//raw\Actor_13\03-01-04-02-01-01-13.wav,03-01-04-02-01-01-13.wav,sad,13,strong,male
D://Speech Project//raw\Actor_13\03-01-04-02-01-02-13.wav,03-01-04-02-01-02-13.wav,sad,13,strong,male
D://Speech Project//raw\Actor_13\03-01-04-02-02-01-13.wav,03-01-04-02-02-01-13.wav,sad,13,strong,male
D://Speech Project//raw\Actor_13\03-01-04-02-02-02-13.wav,03-01-04-02-02-02-13.wav,sad,13,strong,male
D://Speech Project//raw\Actor_13\03-01-05-01-01-01-13.wav,03-01-05-01-01-01-13.wav,angry,13,normal,male
D://Speech Project//raw\Actor_13\03-01-05-01-01-02-13.wav,03-01-05-01-01-02-13.wav,angry,13,normal,male
D://Speech Project//raw\Actor_13\03-01-05-01-02-01-13.wav,03-01-05-01-02-01-13.wav,angry,13,normal,male
D://Speech Project//raw\Actor_13\03-01-05-01-02-02-13.wav,03-01-05-01-02-02-13.wav,angry,13,normal,male
D://Speech Project//raw\Actor_13\03-01-05-02-01-01-13.wav,03-01-05-02-01-01-13.wav,angry,13,strong,male
D://Speech Project//raw\Actor_13\03-01-05-02-01-02-13.wav,03-01-05-02-01-02-13.wav,angry,13,strong,male
D://Speech Project//raw\Actor_13\03-01-05-02-02-01-13.wav,03-01-05-02-02-01-13.wav,angry,13,strong,male
D://Speech Project//raw\Actor_13\03-01-05-02-02-02-13.wav,03-01-05-02-02-02-13.wav,angry,13,strong,male
D://Speech Project//raw\Actor_13\03-01-06-01-01-01-13.wav,03-01-06-01-01-01-13.wav,fearful,13,normal,male
D://Speech Project//raw\Actor_13\03-01-06-01-01-02-13.wav,03-01-06-01-01-02-13.wav,fearful,13,normal,male
D://Speech Project//raw\Actor_13\03-01-06-01-02-01-13.wav,03-01-06-01-02-01-13.wav,fearful,13,normal,male
D://Speech Project//raw\Actor_13\03-01-06-01-02-02-13.wav,03-01-06-01-02-02-13.wav,fearful,13,normal,male
D://Speech Project//raw\Actor_13\03-01-06-02-01-01-13.wav,03-01-06-02-01-01-13.wav,fearful,13,strong,male
D://Speech Project//raw\Actor_13\03-01-06-02-01-02-13.wav,03-01-06-02-01-02-13.wav,fearful,13,strong,male
D://Speech Project//raw\Actor_13\03-01-06-02-02-01-13.wav,03-01-06-02-02-01-13.wav,fearful,13,strong,male
D://Speech Project//raw\Actor_13\03-01-06-02-02-02-13.wav,03-01-06-02-02-02-13.wav,fearful,13,strong,male
D://Speech Project//raw\Actor_13\03-01-07-01-01-01-13.wav,03-01-07-01-01-01-13.wav,disgust,13,normal,male
D://Speech Project//raw\Actor_13\03-01-07-01-01-02-13.wav,03-01-07-01-01-02-13.wav,disgust,13,normal,male
D://Speech Project//raw\Actor_13\03-01-07-01-02-01-13.wav,03-01-07-01-02-01-13.wav,disgust,13,normal,male
D://Speech Project//raw\Actor_13\03-01-07-01-02-02-13.wav,03-01-07-01-02-02-13.wav,disgust,13,normal,male
D://Speech Project//raw\Actor_13\03-01-07-02-01-01-13.wav,03-01-07-02-01-01-13.wav,disgust,13,strong,male
D://Speech Project//raw\Actor_13\03-01-07-02-01-02-13.wav,03-01-07-02-01-02-13.wav,disgust,13,strong,male
D://Speech Project//raw\Actor_13\03-01-07-02-02-01-13.wav,03-01-07-02-02-01-13.wav,disgust,13,strong,male
D://Speech Project//raw\Actor_13\03-01-07-02-02-02-13.wav,03-01-07-02-02-02-13.wav,disgust,13,strong,male
D://Speech Project//raw\Actor_13\03-01-08-01-01-01-13.wav,03-01-08-01-01-01-13.wav,surprised,13,normal,male
D://Speech Project//raw\Actor_13\03-01-08-01-01-02-13.wav,03-01-08-01-01-02-13.wav,surprised,13,normal,male
D://Speech Project//raw\Actor_13\03-01-08-01-02-01-13.wav,03-01-08-01-02-01-13.wav,surprised,13,normal,male
D://Speech Project//raw\Actor_13\03-01-08-01-02-02-13.wav,03-01-08-01-02-02-13.wav,surprised,13,normal,male
D://Speech Project//raw\Actor_13\03-01-08-02-01-01-13.wav,03-01-08-02-01-01-13.wav,surprised,13,strong,male
D://Speech Project//raw\Actor_13\03-01-08-02-01-02-13.wav,03-01-08-02-01-02-13.wav,surprised,13,strong,male
D://Speech Project//raw\Actor_13\03-01-08-02-02-01-13.wav,03-01-08-02-02-01-13.wav,surprised,13,strong,male
D://Speech Project//raw\Actor_13\03-01-08-02-02-02-13.wav,03-01-08-02-02-02-13.wav,surprised,13,strong,male
D://Speech Project//raw\Actor_13\Actor_12\03-01-01-01-01-01-12.wav,03-01-01-01-01-01-12.wav,neutral,12,normal,female
D://Speech Project//raw\Actor_13\Actor_12\03-01-01-01-01-02-12.wav,03-01-01-01-01-02-12.wav,neutral,12,normal,female
D://Speech Project//raw\Actor_13\Actor_12\03-01-01-01-02-01-12.wav,03-01-01-01-02-01-12.wav,neutral,12,normal,female
D://Speech Project//raw\Actor_13\Actor_12\03-01-01-01-02-02-12.wav,03-01-01-01-02-02-12.wav,neutral,12,normal,female
D://Speech Project//raw\Actor_13\Actor_12\03-01-02-01-01-01-12.wav,03-01-02-01-01-01-12.wav,calm,12,normal,female
D://Speech Project//raw\Actor_13\Actor_12\03-01-02-01-01-02-12.wav,03-01-02-01-01-02-12.wav,calm,12,normal,female
D://Speech Project//raw\Actor_13\Actor_12\03-01-02-01-02-01-12.wav,03-01-02-01-02-01-12.wav,calm,12,normal,female
D://Speech Project//raw\Actor_13\Actor_12\03-01-02-01-02-02-12.wav,03-01-02-01-02-02-12.wav,calm,12,normal,female
D://Speech Project//raw\Actor_13\Actor_12\03-01-02-02-01-01-12.wav,03-01-02-02-01-01-12.wav,calm,12,strong,female
D://Speech Project//raw\Actor_13\Actor_12\03-01-02-02-01-02-12.wav,03-01-02-02-01-02-12.wav,calm,12,strong,female
D://Speech Project//raw\Actor_13\Actor_12\03-01-02-02-02-01-12.wav,03-01-02-02-02-01-12.wav,calm,12,strong,female
D://Speech Project//raw\Actor_13\Actor_12\03-01-02-02-02-02-12.wav,03-01-02-02-02-02-12.wav,calm,12,strong,female
D://Speech Project//raw\Actor_13\Actor_12\03-01-03-01-01-01-12.wav,03-01-03-01-01-01-12.wav,happy,12,normal,female
D://Speech Project//raw\Actor_13\Actor_12\03-01-03-01-01-02-12.wav,03-01-03-01-01-02-12.wav,happy,12,normal,female
D://Speech Project//raw\Actor_13\Actor_12\03-01-03-01-02-01-12.wav,03-01-03-01-02-01-12.wav,happy,12,normal,female
D://Speech Project//raw\Actor_13\Actor_12\03-01-03-01-02-02-12.wav,03-01-03-01-02-02-12.wav,happy,12,normal,female
D://Speech Project//raw\Actor_13\Actor_12\03-01-03-02-01-01-12.wav,03-01-03-02-01-01-12.wav,happy,12,strong,female
D://Speech Project//raw\Actor_13\Actor_12\03-01-03-02-01-02-12.wav,03-01-03-02-01-02-12.wav,happy,12,strong,female
D://Speech Project//raw\Actor_13\Actor_12\03-01-03-02-02-01-12.wav,03-01-03-02-02-01-12.wav,happy,12,strong,female
D://Speech Project//raw\Actor_13\Actor_12\03-01-03-02-02-02-12.wav,03-01-03-02-02-02-12.wav,happy,12,strong,female
D://Speech Project//raw\Actor_13\Actor_12\03-01-04-01-01-01-12.wav,03-01-04-01-01-01-12.wav,sad,12,normal,female
D://Speech Project//raw\Actor_13\Actor_12\03-01-04-01-01-02-12.wav,03-01-04-01-01-02-12.wav,sad,12,normal,female
D://Speech Project//raw\Actor_13\Actor_12\03-01-04-01-02-01-12.wav,03-01-04-01-02-01-12.wav,sad,12,normal,female
D://Speech Project//raw\Actor_13\Actor_12\03-01-04-01-02-02-12.wav,03-01-04-01-02-02-12.wav,sad,12,normal,female
D://Speech Project//raw\Actor_13\Actor_12\03-01-04-02-01-01-12.wav,03-01-04-02-01-01-12.wav,sad,12,strong,female
D://Speech Project//raw\Actor_13\Actor_12\03-01-04-02-01-02-12.wav,03-01-04-02-01-02-12.wav,sad,12,strong,female
D://Speech Project//raw\Actor_13\Actor_12\03-01-04-02-02-01-12.wav,03-01-04-02-02-01-12.wav,sad,12,strong,female
D://Speech Project//raw\Actor_13\Actor_12\03-01-04-02-02-02-12.wav,03-01-04-02-02-02-12.wav,sad,12,strong,female
D://Speech Project//raw\Actor_13\Actor_12\03-01-05-01-01-01-12.wav,03-01-05-01-01-01-12.wav,angry,12,normal,female
D://Speech Project//raw\Actor_13\Actor_12\03-01-05-01-01-02-12.wav,03-01-05-01-01-02-12.wav,angry,12,normal,female
D://Speech Project//raw\Actor_13\Actor_12\03-01-05-01-02-01-12.wav,03-01-05-01-02-01-12.wav,angry,12,normal,female
D://Speech Project//raw\Actor_13\Actor_12\03-01-05-01-02-02-12.wav,03-01-05-01-02-02-12.wav,angry,12,normal,female
D://Speech Project//raw\Actor_13\Actor_12\03-01-05-02-01-01-12.wav,03-01-05-02-01-01-12.wav,angry,12,strong,female
D://Speech Project//raw\Actor_13\Actor_12\03-01-05-02-01-02-12.wav,03-01-05-02-01-02-12.wav,angry,12,strong,female
D://Speech Project//raw\Actor_13\Actor_12\03-01-05-02-02-01-12.wav,03-01-05-02-02-01-12.wav,angry,12,strong,female
D://Speech Project//raw\Actor_13\Actor_12\03-01-05-02-02-02-12.wav,03-01-05-02-02-02-12.wav,angry,12,strong,female
D://Speech Project//raw\Actor_13\Actor_12\03-01-06-01-01-01-12.wav,03-01-06-01-01-01-12.wav,fearful,12,normal,female
D://Speech Project//raw\Actor_13\Actor_12\03-01-06-01-01-02-12.wav,03-01-06-01-01-02-12.wav,fearful,12,normal,female
D://Speech Project//raw\Actor_13\Actor_12\03-01-06-01-02-01-12.wav,03-01-06-01-02-01-12.wav,fearful,12,normal,female
D://Speech Project//raw\Actor_13\Actor_12\03-01-06-01-02-02-12.wav,03-01-06-01-02-02-12.wav,fearful,12,normal,female
D://Speech Project//raw\Actor_13\Actor_12\03-01-06-02-01-01-12.wav,03-01-06-02-01-01-12.wav,fearful,12,strong,female
D://Speech Project//raw\Actor_13\Actor_12\03-01-06-02-01-02-12.wav,03-01-06-02-01-02-12.wav,fearful,12,strong,female
D://Speech Project//raw\Actor_13\Actor_12\03-01-06-02-02-01-12.wav,03-01-06-02-02-01-12.wav,fearful,12,strong,female
D://Speech Project//raw\Actor_13\Actor_12\03-01-06-02-02-02-12.wav,03-01-06-02-02-02-12.wav,fearful,12,strong,female
D://Speech Project//raw\Actor_13\Actor_12\03-01-07-01-01-01-12.wav,03-01-07-01-01-01-12.wav,disgust,12,normal,female
D://Speech Project//raw\Actor_13\Actor_12\03-01-07-01-01-02-12.wav,03-01-07-01-01-02-12.wav,disgust,12,normal,female
D://Speech Project//raw\Actor_13\Actor_12\03-01-07-01-02-01-12.wav,03-01-07-01-02-01-12.wav,disgust,12,normal,female
D://Speech Project//raw\Actor_13\Actor_12\03-01-07-01-02-02-12.wav,03-01-07-01-02-02-12.wav,disgust,12,normal,female
D://Speech Project//raw\Actor_13\Actor_12\03-01-07-02-01-01-12.wav,03-01-07-02-01-01-12.wav,disgust,12,strong,female
D://Speech Project//raw\Actor_13\Actor_12\03-01-07-02-01-02-12.wav,03-01-07-02-01-02-12.wav,disgust,12,strong,female
D://Speech Project//raw\Actor_13\Actor_12\03-01-07-02-02-01-12.wav,03-01-07-02-02-01-12.wav,disgust,12,strong,female
D://Speech Project//raw\Actor_13\Actor_12\03-01-07-02-02-02-12.wav,03-01-07-02-02-02-12.wav,disgust,12,strong,female
D://Speech Project//raw\Actor_13\Actor_12\03-01-08-01-01-01-12.wav,03-01-08-01-01-01-12.wav,surprised,12,normal,female
D://Speech Project//raw\Actor_13\Actor_12\03-01-08-01-01-02-12.wav,03-01-08-01-01-02-12.wav,surprised,12,normal,female
D://Speech Project//raw\Actor_13\Actor_12\03-01-08-01-02-01-12.wav,03-01-08-01-02-01-12.wav,surprised,12,normal,female
D://Speech Project//raw\Actor_13\Actor_12\03-01-08-01-02-02-12.wav,03-01-08-01-02-02-12.wav,surprised,12,normal,female
D://Speech Project//raw\Actor_13\Actor_12\03-01-08-02-01-01-12.wav,03-01-08-02-01-01-12.wav,surprised,12,strong,female
D://Speech Project//raw\Actor_13\Actor_12\03-01-08-02-01-02-12.wav,03-01-08-02-01-02-12.wav,surprised,12,strong,female
D://Speech Project//raw\Actor_13\Actor_12\03-01-08-02-02-01-12.wav,03-01-08-02-02-01-12.wav,surprised,12,strong,female
D://Speech Project//raw\Actor_13\Actor_12\03-01-08-02-02-02-12.wav,03-01-08-02-02-02-12.wav,surprised,12,strong,female
D://Speech Project//raw\Actor_14\03-01-01-01-01-01-14.wav,03-01-01-01-01-01-14.wav,neutral,14,normal,female
D://Speech Project//raw\Actor_14\03-01-01-01-01-02-14.wav,03-01-01-01-01-02-14.wav,neutral,14,normal,female
D://Speech Project//raw\Actor_14\03-01-01-01-02-01-14.wav,03-01-01-01-02-01-14.wav,neutral,14,normal,female
D://Speech Project//raw\Actor_14\03-01-01-01-02-02-14.wav,03-01-01-01-02-02-14.wav,neutral,14,normal,female
D://Speech Project//raw\Actor_14\03-01-02-01-01-01-14.wav,03-01-02-01-01-01-14.wav,calm,14,normal,female
D://Speech Project//raw\Actor_14\03-01-02-01-01-02-14.wav,03-01-02-01-01-02-14.wav,calm,14,normal,female
D://Speech Project//raw\Actor_14\03-01-02-01-02-01-14.wav,03-01-02-01-02-01-14.wav,calm,14,normal,female
D://Speech Project//raw\Actor_14\03-01-02-01-02-02-14.wav,03-01-02-01-02-02-14.wav,calm,14,normal,female
D://Speech Project//raw\Actor_14\03-01-02-02-01-01-14.wav,03-01-02-02-01-01-14.wav,calm,14,strong,female
D://Speech Project//raw\Actor_14\03-01-02-02-01-02-14.wav,03-01-02-02-01-02-14.wav,calm,14,strong,female
D://Speech Project//raw\Actor_14\03-01-02-02-02-01-14.wav,03-01-02-02-02-01-14.wav,calm,14,strong,female
D://Speech Project//raw\Actor_14\03-01-02-02-02-02-14.wav,03-01-02-02-02-02-14.wav,calm,14,strong,female
D://Speech Project//raw\Actor_14\03-01-03-01-01-01-14.wav,03-01-03-01-01-01-14.wav,happy,14,normal,female
D://Speech Project//raw\Actor_14\03-01-03-01-01-02-14.wav,03-01-03-01-01-02-14.wav,happy,14,normal,female
D://Speech Project//raw\Actor_14\03-01-03-01-02-01-14.wav,03-01-03-01-02-01-14.wav,happy,14,normal,female
D://Speech Project//raw\Actor_14\03-01-03-01-02-02-14.wav,03-01-03-01-02-02-14.wav,happy,14,normal,female
D://Speech Project//raw\Actor_14\03-01-03-02-01-01-14.wav,03-01-03-02-01-01-14.wav,happy,14,strong,female
D://Speech Project//raw\Actor_14\03-01-03-02-01-02-14.wav,03-01-03-02-01-02-14.wav,happy,14,strong,female
D://Speech Project//raw\Actor_14\03-01-03-02-02-01-14.wav,03-01-03-02-02-01-14.wav,happy,14,strong,female
D://Speech Project//raw\Actor_14\03-01-03-02-02-02-14.wav,03-01-03-02-02-02-14.wav,happy,14,strong,female
D://Speech Project//raw\Actor_14\03-01-04-01-01-01-14.wav,03-01-04-01-01-01-14.wav,sad,14,normal,female
D://Speech Project//raw\Actor_14\03-01-04-01-01-02-14.wav,03-01-04-01-01-02-14.wav,sad,14,normal,female
D://Speech Project//raw\Actor_14\03-01-04-01-02-01-14.wav,03-01-04-01-02-01-14.wav,sad,14,normal,female
D://Speech Project//raw\Actor_14\03-01-04-01-02-02-14.wav,03-01-04-01-02-02-14.wav,sad,14,normal,female
D://Speech Project//raw\Actor_14\03-01-04-02-01-01-14.wav,03-01-04-02-01-01-14.wav,sad,14,strong,female
D://Speech Project//raw\Actor_14\03-01-04-02-01-02-14.wav,03-01-04-02-01-02-14.wav,sad,14,strong,female
D://Speech Project//raw\Actor_14\03-01-04-02-02-01-14.wav,03-01-04-02-02-01-14.wav,sad,14,strong,female
D://Speech Project//raw\Actor_14\03-01-04-02-02-02-14.wav,03-01-04-02-02-02-14.wav,sad,14,strong,female
D://Speech Project//raw\Actor_14\03-01-05-01-01-01-14.wav,03-01-05-01-01-01-14.wav,angry,14,normal,female
D://Speech Project//raw\Actor_14\03-01-05-01-01-02-14.wav,03-01-05-01-01-02-14.wav,angry,14,normal,female
D://Speech Project//raw\Actor_14\03-01-05-01-02-01-14.wav,03-01-05-01-02-01-14.wav,angry,14,normal,female
D://Speech Project//raw\Actor_14\03-01-05-01-02-02-14.wav,03-01-05-01-02-02-14.wav,angry,14,normal,female
D://Speech Project//raw\Actor_14\03-01-05-02-01-01-14.wav,03-01-05-02-01-01-14.wav,angry,14,strong,female
D://Speech Project//raw\Actor_14\03-01-05-02-01-02-14.wav,03-01-05-02-01-02-14.wav,angry,14,strong,female
D://Speech Project//raw\Actor_14\03-01-05-02-02-01-14.wav,03-01-05-02-02-01-14.wav,angry,14,strong,female
D://Speech Project//raw\Actor_14\03-01-05-02-02-02-14.wav,03-01-05-02-02-02-14.wav,angry,14,strong,female
D://Speech Project//raw\Actor_14\03-01-06-01-01-01-14.wav,03-01-06-01-01-01-14.wav,fearful,14,normal,female
D://Speech Project//raw\Actor_14\03-01-06-01-01-02-14.wav,03-01-06-01-01-02-14.wav,fearful,14,normal,female
D://Speech Project//raw\Actor_14\03-01-06-01-02-01-14.wav,03-01-06-01-02-01-14.wav,fearful,14,normal,female
D://Speech Project//raw\Actor_14\03-01-06-01-02-02-14.wav,03-01-06-01-02-02-14.wav,fearful,14,normal,female
D://Speech Project//raw\Actor_14\03-01-06-02-01-01-14.wav,03-01-06-02-01-01-14.wav,fearful,14,strong,female
D://Speech Project//raw\Actor_14\03-01-06-02-01-02-14.wav,03-01-06-02-01-02-14.wav,fearful,14,strong,female
D://Speech Project//raw\Actor_14\03-01-06-02-02-01-14.wav,03-01-06-02-02-01-14.wav,fearful,14,strong,female
D://Speech Project//raw\Actor_14\03-01-06-02-02-02-14.wav,03-01-06-02-02-02-14.wav,fearful,14,strong,female
D://Speech Project//raw\Actor_14\03-01-07-01-01-01-14.wav,03-01-07-01-01-01-14.wav,disgust,14,normal,female
D://Speech Project//raw\Actor_14\03-01-07-01-01-02-14.wav,03-01-07-01-01-02-14.wav,disgust,14,normal,female
D://Speech Project//raw\Actor_14\03-01-07-01-02-01-14.wav,03-01-07-01-02-01-14.wav,disgust,14,normal,female
D://Speech Project//raw\Actor_14\03-01-07-01-02-02-14.wav,03-01-07-01-02-02-14.wav,disgust,14,normal,female
D://Speech Project//raw\Actor_14\03-01-07-02-01-01-14.wav,03-01-07-02-01-01-14.wav,disgust,14,strong,female
D://Speech Project//raw\Actor_14\03-01-07-02-01-02-14.wav,03-01-07-02-01-02-14.wav,disgust,14,strong,female
D://Speech Project//raw\Actor_14\03-01-07-02-02-01-14.wav,03-01-07-02-02-01-14.wav,disgust,14,strong,female
D://Speech Project//raw\Actor_14\03-01-07-02-02-02-14.wav,03-01-07-02-02-02-14.wav,disgust,14,strong,female
D://Speech Project//raw\Actor_14\03-01-08-01-01-01-14.wav,03-01-08-01-01-01-14.wav,surprised,14,normal,female
D://Speech Project//raw\Actor_14\03-01-08-01-01-02-14.wav,03-01-08-01-01-02-14.wav,surprised,14,normal,female
D://Speech Project//raw\Actor_14\03-01-08-01-02-01-14.wav,03-01-08-01-02-01-14.wav,surprised,14,normal,female
D://Speech Project//raw\Actor_14\03-01-08-01-02-02-14.wav,03-01-08-01-02-02-14.wav,surprised,14,normal,female
D://Speech Project//raw\Actor_14\03-01-08-02-01-01-14.wav,03-01-08-02-01-01-14.wav,surprised,14,strong,female
D://Speech Project//raw\Actor_14\03-01-08-02-01-02-14.wav,03-01-08-02-01-02-14.wav,surprised,14,strong,female
D://Speech Project//raw\Actor_14\03-01-08-02-02-01-14.wav,03-01-08-02-02-01-14.wav,surprised,14,strong,female
D://Speech Project//raw\Actor_14\03-01-08-02-02-02-14.wav,03-01-08-02-02-02-14.wav,surprised,14,strong,female
D://Speech Project//raw\Actor_15\03-01-01-01-01-01-15.wav,03-01-01-01-01-01-15.wav,neutral,15,normal,male
D://Speech Project//raw\Actor_15\03-01-01-01-01-02-15.wav,03-01-01-01-01-02-15.wav,neutral,15,normal,male
D://Speech Project//raw\Actor_15\03-01-01-01-02-01-15.wav,03-01-01-01-02-01-15.wav,neutral,15,normal,male
D://Speech Project//raw\Actor_15\03-01-01-01-02-02-15.wav,03-01-01-01-02-02-15.wav,neutral,15,normal,male
D://Speech Project//raw\Actor_15\03-01-02-01-01-01-15.wav,03-01-02-01-01-01-15.wav,calm,15,normal,male
D://Speech Project//raw\Actor_15\03-01-02-01-01-02-15.wav,03-01-02-01-01-02-15.wav,calm,15,normal,male
D://Speech Project//raw\Actor_15\03-01-02-01-02-01-15.wav,03-01-02-01-02-01-15.wav,calm,15,normal,male
D://Speech Project//raw\Actor_15\03-01-02-01-02-02-15.wav,03-01-02-01-02-02-15.wav,calm,15,normal,male
D://Speech Project//raw\Actor_15\03-01-02-02-01-01-15.wav,03-01-02-02-01-01-15.wav,calm,15,strong,male
D://Speech Project//raw\Actor_15\03-01-02-02-01-02-15.wav,03-01-02-02-01-02-15.wav,calm,15,strong,male
D://Speech Project//raw\Actor_15\03-01-02-02-02-01-15.wav,03-01-02-02-02-01-15.wav,calm,15,strong,male
D://Speech Project//raw\Actor_15\03-01-02-02-02-02-15.wav,03-01-02-02-02-02-15.wav,calm,15,strong,male
D://Speech Project//raw\Actor_15\03-01-03-01-01-01-15.wav,03-01-03-01-01-01-15.wav,happy,15,normal,male
D://Speech Project//raw\Actor_15\03-01-03-01-01-02-15.wav,03-01-03-01-01-02-15.wav,happy,15,normal,male
D://Speech Project//raw\Actor_15\03-01-03-01-02-01-15.wav,03-01-03-01-02-01-15.wav,happy,15,normal,male
D://Speech Project//raw\Actor_15\03-01-03-01-02-02-15.wav,03-01-03-01-02-02-15.wav,happy,15,normal,male
D://Speech Project//raw\Actor_15\03-01-03-02-01-01-15.wav,03-01-03-02-01-01-15.wav,happy,15,strong,male
D://Speech Project//raw\Actor_15\03-01-03-02-01-02-15.wav,03-01-03-02-01-02-15.wav,happy,15,strong,male
D://Speech Project//raw\Actor_15\03-01-03-02-02-01-15.wav,03-01-03-02-02-01-15.wav,happy,15,strong,male
D://Speech Project//raw\Actor_15\03-01-03-02-02-02-15.wav,03-01-03-02-02-02-15.wav,happy,15,strong,male
D://Speech Project//raw\Actor_15\03-01-04-01-01-01-15.wav,03-01-04-01-01-01-15.wav,sad,15,normal,male
D://Speech Project//raw\Actor_15\03-01-04-01-01-02-15.wav,03-01-04-01-01-02-15.wav,sad,15,normal,male
D://Speech Project//raw\Actor_15\03-01-04-01-02-01-15.wav,03-01-04-01-02-01-15.wav,sad,15,normal,male
D://Speech Project//raw\Actor_15\03-01-04-01-02-02-15.wav,03-01-04-01-02-02-15.wav,sad,15,normal,male
D://Speech Project//raw\Actor_15\03-01-04-02-01-01-15.wav,03-01-04-02-01-01-15.wav,sad,15,strong,male
D://Speech Project//raw\Actor_15\03-01-04-02-01-02-15.wav,03-01-04-02-01-02-15.wav,sad,15,strong,male
D://Speech Project//raw\Actor_15\03-01-04-02-02-01-15.wav,03-01-04-02-02-01-15.wav,sad,15,strong,male
D://Speech Project//raw\Actor_15\03-01-04-02-02-02-15.wav,03-01-04-02-02-02-15.wav,sad,15,strong,male
D://Speech Project//raw\Actor_15\03-01-05-01-01-01-15.wav,03-01-05-01-01-01-15.wav,angry,15,normal,male
D://Speech Project//raw\Actor_15\03-01-05-01-01-02-15.wav,03-01-05-01-01-02-15.wav,angry,15,normal,male
D://Speech Project//raw\Actor_15\03-01-05-01-02-01-15.wav,03-01-05-01-02-01-15.wav,angry,15,normal,male
D://Speech Project//raw\Actor_15\03-01-05-01-02-02-15.wav,03-01-05-01-02-02-15.wav,angry,15,normal,male
D://Speech Project//raw\Actor_15\03-01-05-02-01-01-15.wav,03-01-05-02-01-01-15.wav,angry,15,strong,male
D://Speech Project//raw\Actor_15\03-01-05-02-01-02-15.wav,03-01-05-02-01-02-15.wav,angry,15,strong,male
D://Speech Project//raw\Actor_15\03-01-05-02-02-01-15.wav,03-01-05-02-02-01-15.wav,angry,15,strong,male
D://Speech Project//raw\Actor_15\03-01-05-02-02-02-15.wav,03-01-05-02-02-02-15.wav,angry,15,strong,male
D://Speech Project//raw\Actor_15\03-01-06-01-01-01-15.wav,03-01-06-01-01-01-15.wav,fearful,15,normal,male
D://Speech Project//raw\Actor_15\03-01-06-01-01-02-15.wav,03-01-06-01-01-02-15.wav,fearful,15,normal,male
D://Speech Project//raw\Actor_15\03-01-06-01-02-01-15.wav,03-01-06-01-02-01-15.wav,fearful,15,normal,male
D://Speech Project//raw\Actor_15\03-01-06-01-02-02-15.wav,03-01-06-01-02-02-15.wav,fearful,15,normal,male
D://Speech Project//raw\Actor_15\03-01-06-02-01-01-15.wav,03-01-06-02-01-01-15.wav,fearful,15,strong,male
D://Speech Project//raw\Actor_15\03-01-06-02-01-02-15.wav,03-01-06-02-01-02-15.wav,fearful,15,strong,male
D://Speech Project//raw\Actor_15\03-01-06-02-02-01-15.wav,03-01-06-02-02-01-15.wav,fearful,15,strong,male
D://Speech Project//raw\Actor_15\03-01-06-02-02-02-15.wav,03-01-06-02-02-02-15.wav,fearful,15,strong,male
D://Speech Project//raw\Actor_15\03-01-07-01-01-01-15.wav,03-01-07-01-01-01-15.wav,disgust,15,normal,male
D://Speech Project//raw\Actor_15\03-01-07-01-01-02-15.wav,03-01-07-01-01-02-15.wav,disgust,15,normal,male
D://Speech Project//raw\Actor_15\03-01-07-01-02-01-15.wav,03-01-07-01-02-01-15.wav,disgust,15,normal,male
D://Speech Project//raw\Actor_15\03-01-07-01-02-02-15.wav,03-01-07-01-02-02-15.wav,disgust,15,normal,male
D://Speech Project//raw\Actor_15\03-01-07-02-01-01-15.wav,03-01-07-02-01-01-15.wav,disgust,15,strong,male
D://Speech Project//raw\Actor_15\03-01-07-02-01-02-15.wav,03-01-07-02-01-02-15.wav,disgust,15,strong,male
D://Speech Project//raw\Actor_15\03-01-07-02-02-01-15.wav,03-01-07-02-02-01-15.wav,disgust,15,strong,male
D://Speech Project//raw\Actor_15\03-01-07-02-02-02-15.wav,03-01-07-02-02-02-15.wav,disgust,15,strong,male
D://Speech Project//raw\Actor_15\03-01-08-01-01-01-15.wav,03-01-08-01-01-01-15.wav,surprised,15,normal,male
D://Speech Project//raw\Actor_15\03-01-08-01-01-02-15.wav,03-01-08-01-01-02-15.wav,surprised,15,normal,male
D://Speech Project//raw\Actor_15\03-01-08-01-02-01-15.wav,03-01-08-01-02-01-15.wav,surprised,15,normal,male
D://Speech Project//raw\Actor_15\03-01-08-01-02-02-15.wav,03-01-08-01-02-02-15.wav,surprised,15,normal,male
D://Speech Project//raw\Actor_15\03-01-08-02-01-01-15.wav,03-01-08-02-01-01-15.wav,surprised,15,strong,male
D://Speech Project//raw\Actor_15\03-01-08-02-01-02-15.wav,03-01-08-02-01-02-15.wav,surprised,15,strong,male
D://Speech Project//raw\Actor_15\03-01-08-02-02-01-15.wav,03-01-08-02-02-01-15.wav,surprised,15,strong,male
D://Speech Project//raw\Actor_15\03-01-08-02-02-02-15.wav,03-01-08-02-02-02-15.wav,surprised,15,strong,male
D://Speech Project//raw\Actor_16\03-01-01-01-01-01-16.wav,03-01-01-01-01-01-16.wav,neutral,16,normal,female
D://Speech Project//raw\Actor_16\03-01-01-01-01-02-16.wav,03-01-01-01-01-02-16.wav,neutral,16,normal,female
D://Speech Project//raw\Actor_16\03-01-01-01-02-01-16.wav,03-01-01-01-02-01-16.wav,neutral,16,normal,female
D://Speech Project//raw\Actor_16\03-01-01-01-02-02-16.wav,03-01-01-01-02-02-16.wav,neutral,16,normal,female
D://Speech Project//raw\Actor_16\03-01-02-01-01-01-16.wav,03-01-02-01-01-01-16.wav,calm,16,normal,female
D://Speech Project//raw\Actor_16\03-01-02-01-01-02-16.wav,03-01-02-01-01-02-16.wav,calm,16,normal,female
D://Speech Project//raw\Actor_16\03-01-02-01-02-01-16.wav,03-01-02-01-02-01-16.wav,calm,16,normal,female
D://Speech Project//raw\Actor_16\03-01-02-01-02-02-16.wav,03-01-02-01-02-02-16.wav,calm,16,normal,female
D://Speech Project//raw\Actor_16\03-01-02-02-01-01-16.wav,03-01-02-02-01-01-16.wav,calm,16,strong,female
D://Speech Project//raw\Actor_16\03-01-02-02-01-02-16.wav,03-01-02-02-01-02-16.wav,calm,16,strong,female
D://Speech Project//raw\Actor_16\03-01-02-02-02-01-16.wav,03-01-02-02-02-01-16.wav,calm,16,strong,female
D://Speech Project//raw\Actor_16\03-01-02-02-02-02-16.wav,03-01-02-02-02-02-16.wav,calm,16,strong,female
D://Speech Project//raw\Actor_16\03-01-03-01-01-01-16.wav,03-01-03-01-01-01-16.wav,happy,16,normal,female
D://Speech Project//raw\Actor_16\03-01-03-01-01-02-16.wav,03-01-03-01-01-02-16.wav,happy,16,normal,female
D://Speech Project//raw\Actor_16\03-01-03-01-02-01-16.wav,03-01-03-01-02-01-16.wav,happy,16,normal,female
D://Speech Project//raw\Actor_16\03-01-03-01-02-02-16.wav,03-01-03-01-02-02-16.wav,happy,16,normal,female
D://Speech Project//raw\Actor_16\03-01-03-02-01-01-16.wav,03-01-03-02-01-01-16.wav,happy,16,strong,female
D://Speech Project//raw\Actor_16\03-01-03-02-01-02-16.wav,03-01-03-02-01-02-16.wav,happy,16,strong,female
D://Speech Project//raw\Actor_16\03-01-03-02-02-01-16.wav,03-01-03-02-02-01-16.wav,happy,16,strong,female
D://Speech Project//raw\Actor_16\03-01-03-02-02-02-16.wav,03-01-03-02-02-02-16.wav,happy,16,strong,female
D://Speech Project//raw\Actor_16\03-01-04-01-01-01-16.wav,03-01-04-01-01-01-16.wav,sad,16,normal,female
D://Speech Project//raw\Actor_16\03-01-04-01-01-02-16.wav,03-01-04-01-01-02-16.wav,sad,16,normal,female
D://Speech Project//raw\Actor_16\03-01-04-01-02-01-16.wav,03-01-04-01-02-01-16.wav,sad,16,normal,female
D://Speech Project//raw\Actor_16\03-01-04-01-02-02-16.wav,03-01-04-01-02-02-16.wav,sad,16,normal,female
D://Speech Project//raw\Actor_16\03-01-04-02-01-01-16.wav,03-01-04-02-01-01-16.wav,sad,16,strong,female
D://Speech Project//raw\Actor_16\03-01-04-02-01-02-16.wav,03-01-04-02-01-02-16.wav,sad,16,strong,female
D://Speech Project//raw\Actor_16\03-01-04-02-02-01-16.wav,03-01-04-02-02-01-16.wav,sad,16,strong,female
D://Speech Project//raw\Actor_16\03-01-04-02-02-02-16.wav,03-01-04-02-02-02-16.wav,sad,16,strong,female
D://Speech Project//raw\Actor_16\03-01-05-01-01-01-16.wav,03-01-05-01-01-01-16.wav,angry,16,normal,female
D://Speech Project//raw\Actor_16\03-01-05-01-01-02-16.wav,03-01-05-01-01-02-16.wav,angry,16,normal,female
D://Speech Project//raw\Actor_16\03-01-05-01-02-01-16.wav,03-01-05-01-02-01-16.wav,angry,16,normal,female
D://Speech Project//raw\Actor_16\03-01-05-01-02-02-16.wav,03-01-05-01-02-02-16.wav,angry,16,normal,female
D://Speech Project//raw\Actor_16\03-01-05-02-01-01-16.wav,03-01-05-02-01-01-16.wav,angry,16,strong,female
D://Speech Project//raw\Actor_16\03-01-05-02-01-02-16.wav,03-01-05-02-01-02-16.wav,angry,16,strong,female
D://Speech Project//raw\Actor_16\03-01-05-02-02-01-16.wav,03-01-05-02-02-01-16.wav,angry,16,strong,female
D://Speech Project//raw\Actor_16\03-01-05-02-02-02-16.wav,03-01-05-02-02-02-16.wav,angry,16,strong,female
D://Speech Project//raw\Actor_16\03-01-06-01-01-01-16.wav,03-01-06-01-01-01-16.wav,fearful,16,normal,female
D://Speech Project//raw\Actor_16\03-01-06-01-01-02-16.wav,03-01-06-01-01-02-16.wav,fearful,16,normal,female
D://Speech Project//raw\Actor_16\03-01-06-01-02-01-16.wav,03-01-06-01-02-01-16.wav,fearful,16,normal,female
D://Speech Project//raw\Actor_16\03-01-06-01-02-02-16.wav,03-01-06-01-02-02-16.wav,fearful,16,normal,female
D://Speech Project//raw\Actor_16\03-01-06-02-01-01-16.wav,03-01-06-02-01-01-16.wav,fearful,16,strong,female
D://Speech Project//raw\Actor_16\03-01-06-02-01-02-16.wav,03-01-06-02-01-02-16.wav,fearful,16,strong,female
D://Speech Project//raw\Actor_16\03-01-06-02-02-01-16.wav,03-01-06-02-02-01-16.wav,fearful,16,strong,female
D://Speech Project//raw\Actor_16\03-01-06-02-02-02-16.wav,03-01-06-02-02-02-16.wav,fearful,16,strong,female
D://Speech Project//raw\Actor_16\03-01-07-01-01-01-16.wav,03-01-07-01-01-01-16.wav,disgust,16,normal,female
D://Speech Project//raw\Actor_16\03-01-07-01-01-02-16.wav,03-01-07-01-01-02-16.wav,disgust,16,normal,female
D://Speech Project//raw\Actor_16\03-01-07-01-02-01-16.wav,03-01-07-01-02-01-16.wav,disgust,16,normal,female
D://Speech Project//raw\Actor_16\03-01-07-01-02-02-16.wav,03-01-07-01-02-02-16.wav,disgust,16,normal,female
D://Speech Project//raw\Actor_16\03-01-07-02-01-01-16.wav,03-01-07-02-01-01-16.wav,disgust,16,strong,female
D://Speech Project//raw\Actor_16\03-01-07-02-01-02-16.wav,03-01-07-02-01-02-16.wav,disgust,16,strong,female
D://Speech Project//raw\Actor_16\03-01-07-02-02-01-16.wav,03-01-07-02-02-01-16.wav,disgust,16,strong,female
D://Speech Project//raw\Actor_16\03-01-07-02-02-02-16.wav,03-01-07-02-02-02-16.wav,disgust,16,strong,female
D://Speech Project//raw\Actor_16\03-01-08-01-01-01-16.wav,03-01-08-01-01-01-16.wav,surprised,16,normal,female
D://Speech Project//raw\Actor_16\03-01-08-01-01-02-16.wav,03-01-08-01-01-02-16.wav,surprised,16,normal,female
D://Speech Project//raw\Actor_16\03-01-08-01-02-01-16.wav,03-01-08-01-02-01-16.wav,surprised,16,normal,female
D://Speech Project//raw\Actor_16\03-01-08-01-02-02-16.wav,03-01-08-01-02-02-16.wav,surprised,16,normal,female
D://Speech Project//raw\Actor_16\03-01-08-02-01-01-16.wav,03-01-08-02-01-01-16.wav,surprised,16,strong,female
D://Speech Project//raw\Actor_16\03-01-08-02-01-02-16.wav,03-01-08-02-01-02-16.wav,surprised,16,strong,female
D://Speech Project//raw\Actor_16\03-01-08-02-02-01-16.wav,03-01-08-02-02-01-16.wav,surprised,16,strong,female
D://Speech Project//raw\Actor_16\03-01-08-02-02-02-16.wav,03-01-08-02-02-02-16.wav,surprised,16,strong,female
D://Speech Project//raw\Actor_17\03-01-01-01-01-01-17.wav,03-01-01-01-01-01-17.wav,neutral,17,normal,male
D://Speech Project//raw\Actor_17\03-01-01-01-01-02-17.wav,03-01-01-01-01-02-17.wav,neutral,17,normal,male
D://Speech Project//raw\Actor_17\03-01-01-01-02-01-17.wav,03-01-01-01-02-01-17.wav,neutral,17,normal,male
D://Speech Project//raw\Actor_17\03-01-01-01-02-02-17.wav,03-01-01-01-02-02-17.wav,neutral,17,normal,male
D://Speech Project//raw\Actor_17\03-01-02-01-01-01-17.wav,03-01-02-01-01-01-17.wav,calm,17,normal,male
D://Speech Project//raw\Actor_17\03-01-02-01-01-02-17.wav,03-01-02-01-01-02-17.wav,calm,17,normal,male
D://Speech Project//raw\Actor_17\03-01-02-01-02-01-17.wav,03-01-02-01-02-01-17.wav,calm,17,normal,male
D://Speech Project//raw\Actor_17\03-01-02-01-02-02-17.wav,03-01-02-01-02-02-17.wav,calm,17,normal,male
D://Speech Project//raw\Actor_17\03-01-02-02-01-01-17.wav,03-01-02-02-01-01-17.wav,calm,17,strong,male
D://Speech Project//raw\Actor_17\03-01-02-02-01-02-17.wav,03-01-02-02-01-02-17.wav,calm,17,strong,male
D://Speech Project//raw\Actor_17\03-01-02-02-02-01-17.wav,03-01-02-02-02-01-17.wav,calm,17,strong,male
D://Speech Project//raw\Actor_17\03-01-02-02-02-02-17.wav,03-01-02-02-02-02-17.wav,calm,17,strong,male
D://Speech Project//raw\Actor_17\03-01-03-01-01-01-17.wav,03-01-03-01-01-01-17.wav,happy,17,normal,male
D://Speech Project//raw\Actor_17\03-01-03-01-01-02-17.wav,03-01-03-01-01-02-17.wav,happy,17,normal,male
D://Speech Project//raw\Actor_17\03-01-03-01-02-01-17.wav,03-01-03-01-02-01-17.wav,happy,17,normal,male
D://Speech Project//raw\Actor_17\03-01-03-01-02-02-17.wav,03-01-03-01-02-02-17.wav,happy,17,normal,male
D://Speech Project//raw\Actor_17\03-01-03-02-01-01-17.wav,03-01-03-02-01-01-17.wav,happy,17,strong,male
D://Speech Project//raw\Actor_17\03-01-03-02-01-02-17.wav,03-01-03-02-01-02-17.wav,happy,17,strong,male
D://Speech Project//raw\Actor_17\03-01-03-02-02-01-17.wav,03-01-03-02-02-01-17.wav,happy,17,strong,male
D://Speech Project//raw\Actor_17\03-01-03-02-02-02-17.wav,03-01-03-02-02-02-17.wav,happy,17,strong,male
D://Speech Project//raw\Actor_17\03-01-04-01-01-01-17.wav,03-01-04-01-01-01-17.wav,sad,17,normal,male
D://Speech Project//raw\Actor_17\03-01-04-01-01-02-17.wav,03-01-04-01-01-02-17.wav,sad,17,normal,male
D://Speech Project//raw\Actor_17\03-01-04-01-02-01-17.wav,03-01-04-01-02-01-17.wav,sad,17,normal,male
D://Speech Project//raw\Actor_17\03-01-04-01-02-02-17.wav,03-01-04-01-02-02-17.wav,sad,17,normal,male
D://Speech Project//raw\Actor_17\03-01-04-02-01-01-17.wav,03-01-04-02-01-01-17.wav,sad,17,strong,male
D://Speech Project//raw\Actor_17\03-01-04-02-01-02-17.wav,03-01-04-02-01-02-17.wav,sad,17,strong,male
D://Speech Project//raw\Actor_17\03-01-04-02-02-01-17.wav,03-01-04-02-02-01-17.wav,sad,17,strong,male
D://Speech Project//raw\Actor_17\03-01-04-02-02-02-17.wav,03-01-04-02-02-02-17.wav,sad,17,strong,male
D://Speech Project//raw\Actor_17\03-01-05-01-01-01-17.wav,03-01-05-01-01-01-17.wav,angry,17,normal,male
D://Speech Project//raw\Actor_17\03-01-05-01-01-02-17.wav,03-01-05-01-01-02-17.wav,angry,17,normal,male
D://Speech Project//raw\Actor_17\03-01-05-01-02-01-17.wav,03-01-05-01-02-01-17.wav,angry,17,normal,male
D://Speech Project//raw\Actor_17\03-01-05-01-02-02-17.wav,03-01-05-01-02-02-17.wav,angry,17,normal,male
D://Speech Project//raw\Actor_17\03-01-05-02-01-01-17.wav,03-01-05-02-01-01-17.wav,angry,17,strong,male
D://Speech Project//raw\Actor_17\03-01-05-02-01-02-17.wav,03-01-05-02-01-02-17.wav,angry,17,strong,male
D://Speech Project//raw\Actor_17\03-01-05-02-02-01-17.wav,03-01-05-02-02-01-17.wav,angry,17,strong,male
D://Speech Project//raw\Actor_17\03-01-05-02-02-02-17.wav,03-01-05-02-02-02-17.wav,angry,17,strong,male
D://Speech Project//raw\Actor_17\03-01-06-01-01-01-17.wav,03-01-06-01-01-01-17.wav,fearful,17,normal,male
D://Speech Project//raw\Actor_17\03-01-06-01-01-02-17.wav,03-01-06-01-01-02-17.wav,fearful,17,normal,male
D://Speech Project//raw\Actor_17\03-01-06-01-02-01-17.wav,03-01-06-01-02-01-17.wav,fearful,17,normal,male
D://Speech Project//raw\Actor_17\03-01-06-01-02-02-17.wav,03-01-06-01-02-02-17.wav,fearful,17,normal,male
D://Speech Project//raw\Actor_17\03-01-06-02-01-01-17.wav,03-01-06-02-01-01-17.wav,fearful,17,strong,male
D://Speech Project//raw\Actor_17\03-01-06-02-01-02-17.wav,03-01-06-02-01-02-17.wav,fearful,17,strong,male
D://Speech Project//raw\Actor_17\03-01-06-02-02-01-17.wav,03-01-06-02-02-01-17.wav,fearful,17,strong,male
D://Speech Project//raw\Actor_17\03-01-06-02-02-02-17.wav,03-01-06-02-02-02-17.wav,fearful,17,strong,male
D://Speech Project//raw\Actor_17\03-01-07-01-01-01-17.wav,03-01-07-01-01-01-17.wav,disgust,17,normal,male
D://Speech Project//raw\Actor_17\03-01-07-01-01-02-17.wav,03-01-07-01-01-02-17.wav,disgust,17,normal,male
D://Speech Project//raw\Actor_17\03-01-07-01-02-01-17.wav,03-01-07-01-02-01-17.wav,disgust,17,normal,male
D://Speech Project//raw\Actor_17\03-01-07-01-02-02-17.wav,03-01-07-01-02-02-17.wav,disgust,17,normal,male
D://Speech Project//raw\Actor_17\03-01-07-02-01-01-17.wav,03-01-07-02-01-01-17.wav,disgust,17,strong,male
D://Speech Project//raw\Actor_17\03-01-07-02-01-02-17.wav,03-01-07-02-01-02-17.wav,disgust,17,strong,male
D://Speech Project//raw\Actor_17\03-01-07-02-02-01-17.wav,03-01-07-02-02-01-17.wav,disgust,17,strong,male
D://Speech Project//raw\Actor_17\03-01-07-02-02-02-17.wav,03-01-07-02-02-02-17.wav,disgust,17,strong,male
D://Speech Project//raw\Actor_17\03-01-08-01-01-01-17.wav,03-01-08-01-01-01-17.wav,surprised,17,normal,male
D://Speech Project//raw\Actor_17\03-01-08-01-01-02-17.wav,03-01-08-01-01-02-17.wav,surprised,17,normal,male
D://Speech Project//raw\Actor_17\03-01-08-01-02-01-17.wav,03-01-08-01-02-01-17.wav,surprised,17,normal,male
D://Speech Project//raw\Actor_17\03-01-08-01-02-02-17.wav,03-01-08-01-02-02-17.wav,surprised,17,normal,male
D://Speech Project//raw\Actor_17\03-01-08-02-01-01-17.wav,03-01-08-02-01-01-17.wav,surprised,17,strong,male
D://Speech Project//raw\Actor_17\03-01-08-02-01-02-17.wav,03-01-08-02-01-02-17.wav,surprised,17,strong,male
D://Speech Project//raw\Actor_17\03-01-08-02-02-01-17.wav,03-01-08-02-02-01-17.wav,surprised,17,strong,male
D://Speech Project//raw\Actor_17\03-01-08-02-02-02-17.wav,03-01-08-02-02-02-17.wav,surprised,17,strong,male
D://Speech Project//raw\Actor_18\03-01-01-01-01-01-18.wav,03-01-01-01-01-01-18.wav,neutral,18,normal,female
D://Speech Project//raw\Actor_18\03-01-01-01-01-02-18.wav,03-01-01-01-01-02-18.wav,neutral,18,normal,female
D://Speech Project//raw\Actor_18\03-01-01-01-02-01-18.wav,03-01-01-01-02-01-18.wav,neutral,18,normal,female
D://Speech Project//raw\Actor_18\03-01-01-01-02-02-18.wav,03-01-01-01-02-02-18.wav,neutral,18,normal,female
D://Speech Project//raw\Actor_18\03-01-02-01-01-01-18.wav,03-01-02-01-01-01-18.wav,calm,18,normal,female
D://Speech Project//raw\Actor_18\03-01-02-01-01-02-18.wav,03-01-02-01-01-02-18.wav,calm,18,normal,female
D://Speech Project//raw\Actor_18\03-01-02-01-02-01-18.wav,03-01-02-01-02-01-18.wav,calm,18,normal,female
D://Speech Project//raw\Actor_18\03-01-02-01-02-02-18.wav,03-01-02-01-02-02-18.wav,calm,18,normal,female
D://Speech Project//raw\Actor_18\03-01-02-02-01-01-18.wav,03-01-02-02-01-01-18.wav,calm,18,strong,female
D://Speech Project//raw\Actor_18\03-01-02-02-01-02-18.wav,03-01-02-02-01-02-18.wav,calm,18,strong,female
D://Speech Project//raw\Actor_18\03-01-02-02-02-01-18.wav,03-01-02-02-02-01-18.wav,calm,18,strong,female
D://Speech Project//raw\Actor_18\03-01-02-02-02-02-18.wav,03-01-02-02-02-02-18.wav,calm,18,strong,female
D://Speech Project//raw\Actor_18\03-01-03-01-01-01-18.wav,03-01-03-01-01-01-18.wav,happy,18,normal,female
D://Speech Project//raw\Actor_18\03-01-03-01-01-02-18.wav,03-01-03-01-01-02-18.wav,happy,18,normal,female
D://Speech Project//raw\Actor_18\03-01-03-01-02-01-18.wav,03-01-03-01-02-01-18.wav,happy,18,normal,female
D://Speech Project//raw\Actor_18\03-01-03-01-02-02-18.wav,03-01-03-01-02-02-18.wav,happy,18,normal,female
D://Speech Project//raw\Actor_18\03-01-03-02-01-01-18.wav,03-01-03-02-01-01-18.wav,happy,18,strong,female
D://Speech Project//raw\Actor_18\03-01-03-02-01-02-18.wav,03-01-03-02-01-02-18.wav,happy,18,strong,female
D://Speech Project//raw\Actor_18\03-01-03-02-02-01-18.wav,03-01-03-02-02-01-18.wav,happy,18,strong,female
D://Speech Project//raw\Actor_18\03-01-03-02-02-02-18.wav,03-01-03-02-02-02-18.wav,happy,18,strong,female
D://Speech Project//raw\Actor_18\03-01-04-01-01-01-18.wav,03-01-04-01-01-01-18.wav,sad,18,normal,female
D://Speech Project//raw\Actor_18\03-01-04-01-01-02-18.wav,03-01-04-01-01-02-18.wav,sad,18,normal,female
D://Speech Project//raw\Actor_18\03-01-04-01-02-01-18.wav,03-01-04-01-02-01-18.wav,sad,18,normal,female
D://Speech Project//raw\Actor_18\03-01-04-01-02-02-18.wav,03-01-04-01-02-02-18.wav,sad,18,normal,female
D://Speech Project//raw\Actor_18\03-01-04-02-01-01-18.wav,03-01-04-02-01-01-18.wav,sad,18,strong,female
D://Speech Project//raw\Actor_18\03-01-04-02-01-02-18.wav,03-01-04-02-01-02-18.wav,sad,18,strong,female
D://Speech Project//raw\Actor_18\03-01-04-02-02-01-18.wav,03-01-04-02-02-01-18.wav,sad,18,strong,female
D://Speech Project//raw\Actor_18\03-01-04-02-02-02-18.wav,03-01-04-02-02-02-18.wav,sad,18,strong,female
D://Speech Project//raw\Actor_18\03-01-05-01-01-01-18.wav,03-01-05-01-01-01-18.wav,angry,18,normal,female
D://Speech Project//raw\Actor_18\03-01-05-01-01-02-18.wav,03-01-05-01-01-02-18.wav,angry,18,normal,female
D://Speech Project//raw\Actor_18\03-01-05-01-02-01-18.wav,03-01-05-01-02-01-18.wav,angry,18,normal,female
D://Speech Project//raw\Actor_18\03-01-05-01-02-02-18.wav,03-01-05-01-02-02-18.wav,angry,18,normal,female
D://Speech Project//raw\Actor_18\03-01-05-02-01-01-18.wav,03-01-05-02-01-01-18.wav,angry,18,strong,female
D://Speech Project//raw\Actor_18\03-01-05-02-01-02-18.wav,03-01-05-02-01-02-18.wav,angry,18,strong,female
D://Speech Project//raw\Actor_18\03-01-05-02-02-01-18.wav,03-01-05-02-02-01-18.wav,angry,18,strong,female
D://Speech Project//raw\Actor_18\03-01-05-02-02-02-18.wav,03-01-05-02-02-02-18.wav,angry,18,strong,female
D://Speech Project//raw\Actor_18\03-01-06-01-01-01-18.wav,03-01-06-01-01-01-18.wav,fearful,18,normal,female
D://Speech Project//raw\Actor_18\03-01-06-01-01-02-18.wav,03-01-06-01-01-02-18.wav,fearful,18,normal,female
D://Speech Project//raw\Actor_18\03-01-06-01-02-01-18.wav,03-01-06-01-02-01-18.wav,fearful,18,normal,female
D://Speech Project//raw\Actor_18\03-01-06-01-02-02-18.wav,03-01-06-01-02-02-18.wav,fearful,18,normal,female
D://Speech Project//raw\Actor_18\03-01-06-02-01-01-18.wav,03-01-06-02-01-01-18.wav,fearful,18,strong,female
D://Speech Project//raw\Actor_18\03-01-06-02-01-02-18.wav,03-01-06-02-01-02-18.wav,fearful,18,strong,female
D://Speech Project//raw\Actor_18\03-01-06-02-02-01-18.wav,03-01-06-02-02-01-18.wav,fearful,18,strong,female
D://Speech Project//raw\Actor_18\03-01-06-02-02-02-18.wav,03-01-06-02-02-02-18.wav,fearful,18,strong,female
D://Speech Project//raw\Actor_18\03-01-07-01-01-01-18.wav,03-01-07-01-01-01-18.wav,disgust,18,normal,female
D://Speech Project//raw\Actor_18\03-01-07-01-01-02-18.wav,03-01-07-01-01-02-18.wav,disgust,18,normal,female
D://Speech Project//raw\Actor_18\03-01-07-01-02-01-18.wav,03-01-07-01-02-01-18.wav,disgust,18,normal,female
D://Speech Project//raw\Actor_18\03-01-07-01-02-02-18.wav,03-01-07-01-02-02-18.wav,disgust,18,normal,female
D://Speech Project//raw\Actor_18\03-01-07-02-01-01-18.wav,03-01-07-02-01-01-18.wav,disgust,18,strong,female
D://Speech Project//raw\Actor_18\03-01-07-02-01-02-18.wav,03-01-07-02-01-02-18.wav,disgust,18,strong,female
D://Speech Project//raw\Actor_18\03-01-07-02-02-01-18.wav,03-01-07-02-02-01-18.wav,disgust,18,strong,female
D://Speech Project//raw\Actor_18\03-01-07-02-02-02-18.wav,03-01-07-02-02-02-18.wav,disgust,18,strong,female
D://Speech Project//raw\Actor_18\03-01-08-01-01-01-18.wav,03-01-08-01-01-01-18.wav,surprised,18,normal,female
D://Speech Project//raw\Actor_18\03-01-08-01-01-02-18.wav,03-01-08-01-01-02-18.wav,surprised,18,normal,female
D://Speech Project//raw\Actor_18\03-01-08-01-02-01-18.wav,03-01-08-01-02-01-18.wav,surprised,18,normal,female
D://Speech Project//raw\Actor_18\03-01-08-01-02-02-18.wav,03-01-08-01-02-02-18.wav,surprised,18,normal,female
D://Speech Project//raw\Actor_18\03-01-08-02-01-01-18.wav,03-01-08-02-01-01-18.wav,surprised,18,strong,female
D://Speech Project//raw\Actor_18\03-01-08-02-01-02-18.wav,03-01-08-02-01-02-18.wav,surprised,18,strong,female
D://Speech Project//raw\Actor_18\03-01-08-02-02-01-18.wav,03-01-08-02-02-01-18.wav,surprised,18,strong,female
D://Speech Project//raw\Actor_18\03-01-08-02-02-02-18.wav,03-01-08-02-02-02-18.wav,surprised,18,strong,female
D://Speech Project//raw\Actor_19\03-01-01-01-01-01-19.wav,03-01-01-01-01-01-19.wav,neutral,19,normal,male
D://Speech Project//raw\Actor_19\03-01-01-01-01-02-19.wav,03-01-01-01-01-02-19.wav,neutral,19,normal,male
D://Speech Project//raw\Actor_19\03-01-01-01-02-01-19.wav,03-01-01-01-02-01-19.wav,neutral,19,normal,male
D://Speech Project//raw\Actor_19\03-01-01-01-02-02-19.wav,03-01-01-01-02-02-19.wav,neutral,19,normal,male
D://Speech Project//raw\Actor_19\03-01-02-01-01-01-19.wav,03-01-02-01-01-01-19.wav,calm,19,normal,male
D://Speech Project//raw\Actor_19\03-01-02-01-01-02-19.wav,03-01-02-01-01-02-19.wav,calm,19,normal,male
D://Speech Project//raw\Actor_19\03-01-02-01-02-01-19.wav,03-01-02-01-02-01-19.wav,calm,19,normal,male
D://Speech Project//raw\Actor_19\03-01-02-01-02-02-19.wav,03-01-02-01-02-02-19.wav,calm,19,normal,male
D://Speech Project//raw\Actor_19\03-01-02-02-01-01-19.wav,03-01-02-02-01-01-19.wav,calm,19,strong,male
D://Speech Project//raw\Actor_19\03-01-02-02-01-02-19.wav,03-01-02-02-01-02-19.wav,calm,19,strong,male
D://Speech Project//raw\Actor_19\03-01-02-02-02-01-19.wav,03-01-02-02-02-01-19.wav,calm,19,strong,male
D://Speech Project//raw\Actor_19\03-01-02-02-02-02-19.wav,03-01-02-02-02-02-19.wav,calm,19,strong,male
D://Speech Project//raw\Actor_19\03-01-03-01-01-01-19.wav,03-01-03-01-01-01-19.wav,happy,19,normal,male
D://Speech Project//raw\Actor_19\03-01-03-01-01-02-19.wav,03-01-03-01-01-02-19.wav,happy,19,normal,male
D://Speech Project//raw\Actor_19\03-01-03-01-02-01-19.wav,03-01-03-01-02-01-19.wav,happy,19,normal,male
D://Speech Project//raw\Actor_19\03-01-03-01-02-02-19.wav,03-01-03-01-02-02-19.wav,happy,19,normal,male
D://Speech Project//raw\Actor_19\03-01-03-02-01-01-19.wav,03-01-03-02-01-01-19.wav,happy,19,strong,male
D://Speech Project//raw\Actor_19\03-01-03-02-01-02-19.wav,03-01-03-02-01-02-19.wav,happy,19,strong,male
D://Speech Project//raw\Actor_19\03-01-03-02-02-01-19.wav,03-01-03-02-02-01-19.wav,happy,19,strong,male
D://Speech Project//raw\Actor_19\03-01-03-02-02-02-19.wav,03-01-03-02-02-02-19.wav,happy,19,strong,male
D://Speech Project//raw\Actor_19\03-01-04-01-01-01-19.wav,03-01-04-01-01-01-19.wav,sad,19,normal,male
D://Speech Project//raw\Actor_19\03-01-04-01-01-02-19.wav,03-01-04-01-01-02-19.wav,sad,19,normal,male
D://Speech Project//raw\Actor_19\03-01-04-01-02-01-19.wav,03-01-04-01-02-01-19.wav,sad,19,normal,male
D://Speech Project//raw\Actor_19\03-01-04-01-02-02-19.wav,03-01-04-01-02-02-19.wav,sad,19,normal,male
D://Speech Project//raw\Actor_19\03-01-04-02-01-01-19.wav,03-01-04-02-01-01-19.wav,sad,19,strong,male
D://Speech Project//raw\Actor_19\03-01-04-02-01-02-19.wav,03-01-04-02-01-02-19.wav,sad,19,strong,male
D://Speech Project//raw\Actor_19\03-01-04-02-02-01-19.wav,03-01-04-02-02-01-19.wav,sad,19,strong,male
D://Speech Project//raw\Actor_19\03-01-04-02-02-02-19.wav,03-01-04-02-02-02-19.wav,sad,19,strong,male
D://Speech Project//raw\Actor_19\03-01-05-01-01-01-19.wav,03-01-05-01-01-01-19.wav,angry,19,normal,male
D://Speech Project//raw\Actor_19\03-01-05-01-01-02-19.wav,03-01-05-01-01-02-19.wav,angry,19,normal,male
D://Speech Project//raw\Actor_19\03-01-05-01-02-01-19.wav,03-01-05-01-02-01-19.wav,angry,19,normal,male
D://Speech Project//raw\Actor_19\03-01-05-01-02-02-19.wav,03-01-05-01-02-02-19.wav,angry,19,normal,male
D://Speech Project//raw\Actor_19\03-01-05-02-01-01-19.wav,03-01-05-02-01-01-19.wav,angry,19,strong,male
D://Speech Project//raw\Actor_19\03-01-05-02-01-02-19.wav,03-01-05-02-01-02-19.wav,angry,19,strong,male
D://Speech Project//raw\Actor_19\03-01-05-02-02-01-19.wav,03-01-05-02-02-01-19.wav,angry,19,strong,male
D://Speech Project//raw\Actor_19\03-01-05-02-02-02-19.wav,03-01-05-02-02-02-19.wav,angry,19,strong,male
D://Speech Project//raw\Actor_19\03-01-06-01-01-01-19.wav,03-01-06-01-01-01-19.wav,fearful,19,normal,male
D://Speech Project//raw\Actor_19\03-01-06-01-01-02-19.wav,03-01-06-01-01-02-19.wav,fearful,19,normal,male
D://Speech Project//raw\Actor_19\03-01-06-01-02-01-19.wav,03-01-06-01-02-01-19.wav,fearful,19,normal,male
D://Speech Project//raw\Actor_19\03-01-06-01-02-02-19.wav,03-01-06-01-02-02-19.wav,fearful,19,normal,male
D://Speech Project//raw\Actor_19\03-01-06-02-01-01-19.wav,03-01-06-02-01-01-19.wav,fearful,19,strong,male
D://Speech Project//raw\Actor_19\03-01-06-02-01-02-19.wav,03-01-06-02-01-02-19.wav,fearful,19,strong,male
D://Speech Project//raw\Actor_19\03-01-06-02-02-01-19.wav,03-01-06-02-02-01-19.wav,fearful,19,strong,male
D://Speech Project//raw\Actor_19\03-01-06-02-02-02-19.wav,03-01-06-02-02-02-19.wav,fearful,19,strong,male
D://Speech Project//raw\Actor_19\03-01-07-01-01-01-19.wav,03-01-07-01-01-01-19.wav,disgust,19,normal,male
D://Speech Project//raw\Actor_19\03-01-07-01-01-02-19.wav,03-01-07-01-01-02-19.wav,disgust,19,normal,male
D://Speech Project//raw\Actor_19\03-01-07-01-02-01-19.wav,03-01-07-01-02-01-19.wav,disgust,19,normal,male
D://Speech Project//raw\Actor_19\03-01-07-01-02-02-19.wav,03-01-07-01-02-02-19.wav,disgust,19,normal,male
D://Speech Project//raw\Actor_19\03-01-07-02-01-01-19.wav,03-01-07-02-01-01-19.wav,disgust,19,strong,male
D://Speech Project//raw\Actor_19\03-01-07-02-01-02-19.wav,03-01-07-02-01-02-19.wav,disgust,19,strong,male
D://Speech Project//raw\Actor_19\03-01-07-02-02-01-19.wav,03-01-07-02-02-01-19.wav,disgust,19,strong,male
D://Speech Project//raw\Actor_19\03-01-07-02-02-02-19.wav,03-01-07-02-02-02-19.wav,disgust,19,strong,male
D://Speech Project//raw\Actor_19\03-01-08-01-01-01-19.wav,03-01-08-01-01-01-19.wav,surprised,19,normal,male
D://Speech Project//raw\Actor_19\03-01-08-01-01-02-19.wav,03-01-08-01-01-02-19.wav,surprised,19,normal,male
D://Speech Project//raw\Actor_19\03-01-08-01-02-01-19.wav,03-01-08-01-02-01-19.wav,surprised,19,normal,male
D://Speech Project//raw\Actor_19\03-01-08-01-02-02-19.wav,03-01-08-01-02-02-19.wav,surprised,19,normal,male
D://Speech Project//raw\Actor_19\03-01-08-02-01-01-19.wav,03-01-08-02-01-01-19.wav,surprised,19,strong,male
D://Speech Project//raw\Actor_19\03-01-08-02-01-02-19.wav,03-01-08-02-01-02-19.wav,surprised,19,strong,male
D://Speech Project//raw\Actor_19\03-01-08-02-02-01-19.wav,03-01-08-02-02-01-19.wav,surprised,19,strong,male
D://Speech Project//raw\Actor_19\03-01-08-02-02-02-19.wav,03-01-08-02-02-02-19.wav,surprised,19,strong,male
D://Speech Project//raw\Actor_20\03-01-01-01-01-01-20.wav,03-01-01-01-01-01-20.wav,neutral,20,normal,female
D://Speech Project//raw\Actor_20\03-01-01-01-01-02-20.wav,03-01-01-01-01-02-20.wav,neutral,20,normal,female
D://Speech Project//raw\Actor_20\03-01-01-01-02-01-20.wav,03-01-01-01-02-01-20.wav,neutral,20,normal,female
D://Speech Project//raw\Actor_20\03-01-01-01-02-02-20.wav,03-01-01-01-02-02-20.wav,neutral,20,normal,female
D://Speech Project//raw\Actor_20\03-01-02-01-01-01-20.wav,03-01-02-01-01-01-20.wav,calm,20,normal,female
D://Speech Project//raw\Actor_20\03-01-02-01-01-02-20.wav,03-01-02-01-01-02-20.wav,calm,20,normal,female
D://Speech Project//raw\Actor_20\03-01-02-01-02-01-20.wav,03-01-02-01-02-01-20.wav,calm,20,normal,female
D://Speech Project//raw\Actor_20\03-01-02-01-02-02-20.wav,03-01-02-01-02-02-20.wav,calm,20,normal,female
D://Speech Project//raw\Actor_20\03-01-02-02-01-01-20.wav,03-01-02-02-01-01-20.wav,calm,20,strong,female
D://Speech Project//raw\Actor_20\03-01-02-02-01-02-20.wav,03-01-02-02-01-02-20.wav,calm,20,strong,female
D://Speech Project//raw\Actor_20\03-01-02-02-02-01-20.wav,03-01-02-02-02-01-20.wav,calm,20,strong,female
D://Speech Project//raw\Actor_20\03-01-02-02-02-02-20.wav,03-01-02-02-02-02-20.wav,calm,20,strong,female
D://Speech Project//raw\Actor_20\03-01-03-01-01-01-20.wav,03-01-03-01-01-01-20.wav,happy,20,normal,female
D://Speech Project//raw\Actor_20\03-01-03-01-01-02-20.wav,03-01-03-01-01-02-20.wav,happy,20,normal,female
D://Speech Project//raw\Actor_20\03-01-03-01-02-01-20.wav,03-01-03-01-02-01-20.wav,happy,20,normal,female
D://Speech Project//raw\Actor_20\03-01-03-01-02-02-20.wav,03-01-03-01-02-02-20.wav,happy,20,normal,female
D://Speech Project//raw\Actor_20\03-01-03-02-01-01-20.wav,03-01-03-02-01-01-20.wav,happy,20,strong,female
D://Speech Project//raw\Actor_20\03-01-03-02-01-02-20.wav,03-01-03-02-01-02-20.wav,happy,20,strong,female
D://Speech Project//raw\Actor_20\03-01-03-02-02-01-20.wav,03-01-03-02-02-01-20.wav,happy,20,strong,female
D://Speech Project//raw\Actor_20\03-01-03-02-02-02-20.wav,03-01-03-02-02-02-20.wav,happy,20,strong,female
D://Speech Project//raw\Actor_20\03-01-04-01-01-01-20.wav,03-01-04-01-01-01-20.wav,sad,20,normal,female
D://Speech Project//raw\Actor_20\03-01-04-01-01-02-20.wav,03-01-04-01-01-02-20.wav,sad,20,normal,female
D://Speech Project//raw\Actor_20\03-01-04-01-02-01-20.wav,03-01-04-01-02-01-20.wav,sad,20,normal,female
D://Speech Project//raw\Actor_20\03-01-04-01-02-02-20.wav,03-01-04-01-02-02-20.wav,sad,20,normal,female
D://Speech Project//raw\Actor_20\03-01-04-02-01-01-20.wav,03-01-04-02-01-01-20.wav,sad,20,strong,female
D://Speech Project//raw\Actor_20\03-01-04-02-01-02-20.wav,03-01-04-02-01-02-20.wav,sad,20,strong,female
D://Speech Project//raw\Actor_20\03-01-04-02-02-01-20.wav,03-01-04-02-02-01-20.wav,sad,20,strong,female
D://Speech Project//raw\Actor_20\03-01-04-02-02-02-20.wav,03-01-04-02-02-02-20.wav,sad,20,strong,female
D://Speech Project//raw\Actor_20\03-01-05-01-01-01-20.wav,03-01-05-01-01-01-20.wav,angry,20,normal,female
D://Speech Project//raw\Actor_20\03-01-05-01-01-02-20.wav,03-01-05-01-01-02-20.wav,angry,20,normal,female
D://Speech Project//raw\Actor_20\03-01-05-01-02-01-20.wav,03-01-05-01-02-01-20.wav,angry,20,normal,female
D://Speech Project//raw\Actor_20\03-01-05-01-02-02-20.wav,03-01-05-01-02-02-20.wav,angry,20,normal,female
D://Speech Project//raw\Actor_20\03-01-05-02-01-01-20.wav,03-01-05-02-01-01-20.wav,angry,20,strong,female
D://Speech Project//raw\Actor_20\03-01-05-02-01-02-20.wav,03-01-05-02-01-02-20.wav,angry,20,strong,female
D://Speech Project//raw\Actor_20\03-01-05-02-02-01-20.wav,03-01-05-02-02-01-20.wav,angry,20,strong,female
D://Speech Project//raw\Actor_20\03-01-05-02-02-02-20.wav,03-01-05-02-02-02-20.wav,angry,20,strong,female
D://Speech Project//raw\Actor_20\03-01-06-01-01-01-20.wav,03-01-06-01-01-01-20.wav,fearful,20,normal,female
D://Speech Project//raw\Actor_20\03-01-06-01-01-02-20.wav,03-01-06-01-01-02-20.wav,fearful,20,normal,female
D://Speech Project//raw\Actor_20\03-01-06-01-02-01-20.wav,03-01-06-01-02-01-20.wav,fearful,20,normal,female
D://Speech Project//raw\Actor_20\03-01-06-01-02-02-20.wav,03-01-06-01-02-02-20.wav,fearful,20,normal,female
D://Speech Project//raw\Actor_20\03-01-06-02-01-01-20.wav,03-01-06-02-01-01-20.wav,fearful,20,strong,female
D://Speech Project//raw\Actor_20\03-01-06-02-01-02-20.wav,03-01-06-02-01-02-20.wav,fearful,20,strong,female
D://Speech Project//raw\Actor_20\03-01-06-02-02-01-20.wav,03-01-06-02-02-01-20.wav,fearful,20,strong,female
D://Speech Project//raw\Actor_20\03-01-06-02-02-02-20.wav,03-01-06-02-02-02-20.wav,fearful,20,strong,female
D://Speech Project//raw\Actor_20\03-01-07-01-01-01-20.wav,03-01-07-01-01-01-20.wav,disgust,20,normal,female
D://Speech Project//raw\Actor_20\03-01-07-01-01-02-20.wav,03-01-07-01-01-02-20.wav,disgust,20,normal,female
D://Speech Project//raw\Actor_20\03-01-07-01-02-01-20.wav,03-01-07-01-02-01-20.wav,disgust,20,normal,female
D://Speech Project//raw\Actor_20\03-01-07-01-02-02-20.wav,03-01-07-01-02-02-20.wav,disgust,20,normal,female
D://Speech Project//raw\Actor_20\03-01-07-02-01-01-20.wav,03-01-07-02-01-01-20.wav,disgust,20,strong,female
D://Speech Project//raw\Actor_20\03-01-07-02-01-02-20.wav,03-01-07-02-01-02-20.wav,disgust,20,strong,female
D://Speech Project//raw\Actor_20\03-01-07-02-02-01-20.wav,03-01-07-02-02-01-20.wav,disgust,20,strong,female
D://Speech Project//raw\Actor_20\03-01-07-02-02-02-20.wav,03-01-07-02-02-02-20.wav,disgust,20,strong,female
D://Speech Project//raw\Actor_20\03-01-08-01-01-01-20.wav,03-01-08-01-01-01-20.wav,surprised,20,normal,female
D://Speech Project//raw\Actor_20\03-01-08-01-01-02-20.wav,03-01-08-01-01-02-20.wav,surprised,20,normal,female
D://Speech Project//raw\Actor_20\03-01-08-01-02-01-20.wav,03-01-08-01-02-01-20.wav,surprised,20,normal,female
D://Speech Project//raw\Actor_20\03-01-08-01-02-02-20.wav,03-01-08-01-02-02-20.wav,surprised,20,normal,female
D://Speech Project//raw\Actor_20\03-01-08-02-01-01-20.wav,03-01-08-02-01-01-20.wav,surprised,20,strong,female
D://Speech Project//raw\Actor_20\03-01-08-02-01-02-20.wav,03-01-08-02-01-02-20.wav,surprised,20,strong,female
D://Speech Project//raw\Actor_20\03-01-08-02-02-01-20.wav,03-01-08-02-02-01-20.wav,surprised,20,strong,female
D://Speech Project//raw\Actor_20\03-01-08-02-02-02-20.wav,03-01-08-02-02-02-20.wav,surprised,20,strong,female
D://Speech Project//raw\Actor_21\03-01-01-01-01-01-21.wav,03-01-01-01-01-01-21.wav,neutral,21,normal,male
D://Speech Project//raw\Actor_21\03-01-01-01-01-02-21.wav,03-01-01-01-01-02-21.wav,neutral,21,normal,male
D://Speech Project//raw\Actor_21\03-01-01-01-02-01-21.wav,03-01-01-01-02-01-21.wav,neutral,21,normal,male
D://Speech Project//raw\Actor_21\03-01-01-01-02-02-21.wav,03-01-01-01-02-02-21.wav,neutral,21,normal,male
D://Speech Project//raw\Actor_21\03-01-02-01-01-01-21.wav,03-01-02-01-01-01-21.wav,calm,21,normal,male
D://Speech Project//raw\Actor_21\03-01-02-01-01-02-21.wav,03-01-02-01-01-02-21.wav,calm,21,normal,male
D://Speech Project//raw\Actor_21\03-01-02-01-02-01-21.wav,03-01-02-01-02-01-21.wav,calm,21,normal,male
D://Speech Project//raw\Actor_21\03-01-02-01-02-02-21.wav,03-01-02-01-02-02-21.wav,calm,21,normal,male
D://Speech Project//raw\Actor_21\03-01-02-02-01-01-21.wav,03-01-02-02-01-01-21.wav,calm,21,strong,male
D://Speech Project//raw\Actor_21\03-01-02-02-01-02-21.wav,03-01-02-02-01-02-21.wav,calm,21,strong,male
D://Speech Project//raw\Actor_21\03-01-02-02-02-01-21.wav,03-01-02-02-02-01-21.wav,calm,21,strong,male
D://Speech Project//raw\Actor_21\03-01-02-02-02-02-21.wav,03-01-02-02-02-02-21.wav,calm,21,strong,male
D://Speech Project//raw\Actor_21\03-01-03-01-01-01-21.wav,03-01-03-01-01-01-21.wav,happy,21,normal,male
D://Speech Project//raw\Actor_21\03-01-03-01-01-02-21.wav,03-01-03-01-01-02-21.wav,happy,21,normal,male
D://Speech Project//raw\Actor_21\03-01-03-01-02-01-21.wav,03-01-03-01-02-01-21.wav,happy,21,normal,male
D://Speech Project//raw\Actor_21\03-01-03-01-02-02-21.wav,03-01-03-01-02-02-21.wav,happy,21,normal,male
D://Speech Project//raw\Actor_21\03-01-03-02-01-01-21.wav,03-01-03-02-01-01-21.wav,happy,21,strong,male
D://Speech Project//raw\Actor_21\03-01-03-02-01-02-21.wav,03-01-03-02-01-02-21.wav,happy,21,strong,male
D://Speech Project//raw\Actor_21\03-01-03-02-02-01-21.wav,03-01-03-02-02-01-21.wav,happy,21,strong,male
D://Speech Project//raw\Actor_21\03-01-03-02-02-02-21.wav,03-01-03-02-02-02-21.wav,happy,21,strong,male
D://Speech Project//raw\Actor_21\03-01-04-01-01-01-21.wav,03-01-04-01-01-01-21.wav,sad,21,normal,male
D://Speech Project//raw\Actor_21\03-01-04-01-01-02-21.wav,03-01-04-01-01-02-21.wav,sad,21,normal,male
D://Speech Project//raw\Actor_21\03-01-04-01-02-01-21.wav,03-01-04-01-02-01-21.wav,sad,21,normal,male
D://Speech Project//raw\Actor_21\03-01-04-01-02-02-21.wav,03-01-04-01-02-02-21.wav,sad,21,normal,male
D://Speech Project//raw\Actor_21\03-01-04-02-01-01-21.wav,03-01-04-02-01-01-21.wav,sad,21,strong,male
D://Speech Project//raw\Actor_21\03-01-04-02-01-02-21.wav,03-01-04-02-01-02-21.wav,sad,21,strong,male
D://Speech Project//raw\Actor_21\03-01-04-02-02-01-21.wav,03-01-04-02-02-01-21.wav,sad,21,strong,male
D://Speech Project//raw\Actor_21\03-01-04-02-02-02-21.wav,03-01-04-02-02-02-21.wav,sad,21,strong,male
D://Speech Project//raw\Actor_21\03-01-05-01-01-01-21.wav,03-01-05-01-01-01-21.wav,angry,21,normal,male
D://Speech Project//raw\Actor_21\03-01-05-01-01-02-21.wav,03-01-05-01-01-02-21.wav,angry,21,normal,male
D://Speech Project//raw\Actor_21\03-01-05-01-02-01-21.wav,03-01-05-01-02-01-21.wav,angry,21,normal,male
D://Speech Project//raw\Actor_21\03-01-05-01-02-02-21.wav,03-01-05-01-02-02-21.wav,angry,21,normal,male
D://Speech Project//raw\Actor_21\03-01-05-02-01-01-21.wav,03-01-05-02-01-01-21.wav,angry,21,strong,male
D://Speech Project//raw\Actor_21\03-01-05-02-01-02-21.wav,03-01-05-02-01-02-21.wav,angry,21,strong,male
D://Speech Project//raw\Actor_21\03-01-05-02-02-01-21.wav,03-01-05-02-02-01-21.wav,angry,21,strong,male
D://Speech Project//raw\Actor_21\03-01-05-02-02-02-21.wav,03-01-05-02-02-02-21.wav,angry,21,strong,male
D://Speech Project//raw\Actor_21\03-01-06-01-01-01-21.wav,03-01-06-01-01-01-21.wav,fearful,21,normal,male
D://Speech Project//raw\Actor_21\03-01-06-01-01-02-21.wav,03-01-06-01-01-02-21.wav,fearful,21,normal,male
D://Speech Project//raw\Actor_21\03-01-06-01-02-01-21.wav,03-01-06-01-02-01-21.wav,fearful,21,normal,male
D://Speech Project//raw\Actor_21\03-01-06-01-02-02-21.wav,03-01-06-01-02-02-21.wav,fearful,21,normal,male
D://Speech Project//raw\Actor_21\03-01-06-02-01-01-21.wav,03-01-06-02-01-01-21.wav,fearful,21,strong,male
D://Speech Project//raw\Actor_21\03-01-06-02-01-02-21.wav,03-01-06-02-01-02-21.wav,fearful,21,strong,male
D://Speech Project//raw\Actor_21\03-01-06-02-02-01-21.wav,03-01-06-02-02-01-21.wav,fearful,21,strong,male
D://Speech Project//raw\Actor_21\03-01-06-02-02-02-21.wav,03-01-06-02-02-02-21.wav,fearful,21,strong,male
D://Speech Project//raw\Actor_21\03-01-07-01-01-01-21.wav,03-01-07-01-01-01-21.wav,disgust,21,normal,male
D://Speech Project//raw\Actor_21\03-01-07-01-01-02-21.wav,03-01-07-01-01-02-21.wav,disgust,21,normal,male
D://Speech Project//raw\Actor_21\03-01-07-01-02-01-21.wav,03-01-07-01-02-01-21.wav,disgust,21,normal,male
D://Speech Project//raw\Actor_21\03-01-07-01-02-02-21.wav,03-01-07-01-02-02-21.wav,disgust,21,normal,male
D://Speech Project//raw\Actor_21\03-01-07-02-01-01-21.wav,03-01-07-02-01-01-21.wav,disgust,21,strong,male
D://Speech Project//raw\Actor_21\03-01-07-02-01-02-21.wav,03-01-07-02-01-02-21.wav,disgust,21,strong,male
D://Speech Project//raw\Actor_21\03-01-07-02-02-01-21.wav,03-01-07-02-02-01-21.wav,disgust,21,strong,male
D://Speech Project//raw\Actor_21\03-01-07-02-02-02-21.wav,03-01-07-02-02-02-21.wav,disgust,21,strong,male
D://Speech Project//raw\Actor_21\03-01-08-01-01-01-21.wav,03-01-08-01-01-01-21.wav,surprised,21,normal,male
D://Speech Project//raw\Actor_21\03-01-08-01-01-02-21.wav,03-01-08-01-01-02-21.wav,surprised,21,normal,male
D://Speech Project//raw\Actor_21\03-01-08-01-02-01-21.wav,03-01-08-01-02-01-21.wav,surprised,21,normal,male
D://Speech Project//raw\Actor_21\03-01-08-01-02-02-21.wav,03-01-08-01-02-02-21.wav,surprised,21,normal,male
D://Speech Project//raw\Actor_21\03-01-08-02-01-01-21.wav,03-01-08-02-01-01-21.wav,surprised,21,strong,male
D://Speech Project//raw\Actor_21\03-01-08-02-01-02-21.wav,03-01-08-02-01-02-21.wav,surprised,21,strong,male
D://Speech Project//raw\Actor_21\03-01-08-02-02-01-21.wav,03-01-08-02-02-01-21.wav,surprised,21,strong,male
D://Speech Project//raw\Actor_21\03-01-08-02-02-02-21.wav,03-01-08-02-02-02-21.wav,surprised,21,strong,male
D://Speech Project//raw\Actor_22\03-01-01-01-01-01-22.wav,03-01-01-01-01-01-22.wav,neutral,22,normal,female
D://Speech Project//raw\Actor_22\03-01-01-01-01-02-22.wav,03-01-01-01-01-02-22.wav,neutral,22,normal,female
D://Speech Project//raw\Actor_22\03-01-01-01-02-01-22.wav,03-01-01-01-02-01-22.wav,neutral,22,normal,female
D://Speech Project//raw\Actor_22\03-01-01-01-02-02-22.wav,03-01-01-01-02-02-22.wav,neutral,22,normal,female
D://Speech Project//raw\Actor_22\03-01-02-01-01-01-22.wav,03-01-02-01-01-01-22.wav,calm,22,normal,female
D://Speech Project//raw\Actor_22\03-01-02-01-01-02-22.wav,03-01-02-01-01-02-22.wav,calm,22,normal,female
D://Speech Project//raw\Actor_22\03-01-02-01-02-01-22.wav,03-01-02-01-02-01-22.wav,calm,22,normal,female
D://Speech Project//raw\Actor_22\03-01-02-01-02-02-22.wav,03-01-02-01-02-02-22.wav,calm,22,normal,female
D://Speech Project//raw\Actor_22\03-01-02-02-01-01-22.wav,03-01-02-02-01-01-22.wav,calm,22,strong,female
D://Speech Project//raw\Actor_22\03-01-02-02-01-02-22.wav,03-01-02-02-01-02-22.wav,calm,22,strong,female
D://Speech Project//raw\Actor_22\03-01-02-02-02-01-22.wav,03-01-02-02-02-01-22.wav,calm,22,strong,female
D://Speech Project//raw\Actor_22\03-01-02-02-02-02-22.wav,03-01-02-02-02-02-22.wav,calm,22,strong,female
D://Speech Project//raw\Actor_22\03-01-03-01-01-01-22.wav,03-01-03-01-01-01-22.wav,happy,22,normal,female
D://Speech Project//raw\Actor_22\03-01-03-01-01-02-22.wav,03-01-03-01-01-02-22.wav,happy,22,normal,female
D://Speech Project//raw\Actor_22\03-01-03-01-02-01-22.wav,03-01-03-01-02-01-22.wav,happy,22,normal,female
D://Speech Project//raw\Actor_22\03-01-03-01-02-02-22.wav,03-01-03-01-02-02-22.wav,happy,22,normal,female
D://Speech Project//raw\Actor_22\03-01-03-02-01-01-22.wav,03-01-03-02-01-01-22.wav,happy,22,strong,female
D://Speech Project//raw\Actor_22\03-01-03-02-01-02-22.wav,03-01-03-02-01-02-22.wav,happy,22,strong,female
D://Speech Project//raw\Actor_22\03-01-03-02-02-01-22.wav,03-01-03-02-02-01-22.wav,happy,22,strong,female
D://Speech Project//raw\Actor_22\03-01-03-02-02-02-22.wav,03-01-03-02-02-02-22.wav,happy,22,strong,female
D://Speech Project//raw\Actor_22\03-01-04-01-01-01-22.wav,03-01-04-01-01-01-22.wav,sad,22,normal,female
D://Speech Project//raw\Actor_22\03-01-04-01-01-02-22.wav,03-01-04-01-01-02-22.wav,sad,22,normal,female
D://Speech Project//raw\Actor_22\03-01-04-01-02-01-22.wav,03-01-04-01-02-01-22.wav,sad,22,normal,female
D://Speech Project//raw\Actor_22\03-01-04-01-02-02-22.wav,03-01-04-01-02-02-22.wav,sad,22,normal,female
D://Speech Project//raw\Actor_22\03-01-04-02-01-01-22.wav,03-01-04-02-01-01-22.wav,sad,22,strong,female
D://Speech Project//raw\Actor_22\03-01-04-02-01-02-22.wav,03-01-04-02-01-02-22.wav,sad,22,strong,female
D://Speech Project//raw\Actor_22\03-01-04-02-02-01-22.wav,03-01-04-02-02-01-22.wav,sad,22,strong,female
D://Speech Project//raw\Actor_22\03-01-04-02-02-02-22.wav,03-01-04-02-02-02-22.wav,sad,22,strong,female
D://Speech Project//raw\Actor_22\03-01-05-01-01-01-22.wav,03-01-05-01-01-01-22.wav,angry,22,normal,female
D://Speech Project//raw\Actor_22\03-01-05-01-01-02-22.wav,03-01-05-01-01-02-22.wav,angry,22,normal,female
D://Speech Project//raw\Actor_22\03-01-05-01-02-01-22.wav,03-01-05-01-02-01-22.wav,angry,22,normal,female
D://Speech Project//raw\Actor_22\03-01-05-01-02-02-22.wav,03-01-05-01-02-02-22.wav,angry,22,normal,female
D://Speech Project//raw\Actor_22\03-01-05-02-01-01-22.wav,03-01-05-02-01-01-22.wav,angry,22,strong,female
D://Speech Project//raw\Actor_22\03-01-05-02-01-02-22.wav,03-01-05-02-01-02-22.wav,angry,22,strong,female
D://Speech Project//raw\Actor_22\03-01-05-02-02-01-22.wav,03-01-05-02-02-01-22.wav,angry,22,strong,female
D://Speech Project//raw\Actor_22\03-01-05-02-02-02-22.wav,03-01-05-02-02-02-22.wav,angry,22,strong,female
D://Speech Project//raw\Actor_22\03-01-06-01-01-01-22.wav,03-01-06-01-01-01-22.wav,fearful,22,normal,female
D://Speech Project//raw\Actor_22\03-01-06-01-01-02-22.wav,03-01-06-01-01-02-22.wav,fearful,22,normal,female
D://Speech Project//raw\Actor_22\03-01-06-01-02-01-22.wav,03-01-06-01-02-01-22.wav,fearful,22,normal,female
D://Speech Project//raw\Actor_22\03-01-06-01-02-02-22.wav,03-01-06-01-02-02-22.wav,fearful,22,normal,female
D://Speech Project//raw\Actor_22\03-01-06-02-01-01-22.wav,03-01-06-02-01-01-22.wav,fearful,22,strong,female
D://Speech Project//raw\Actor_22\03-01-06-02-01-02-22.wav,03-01-06-02-01-02-22.wav,fearful,22,strong,female
D://Speech Project//raw\Actor_22\03-01-06-02-02-01-22.wav,03-01-06-02-02-01-22.wav,fearful,22,strong,female
D://Speech Project//raw\Actor_22\03-01-06-02-02-02-22.wav,03-01-06-02-02-02-22.wav,fearful,22,strong,female
D://Speech Project//raw\Actor_22\03-01-07-01-01-01-22.wav,03-01-07-01-01-01-22.wav,disgust,22,normal,female
D://Speech Project//raw\Actor_22\03-01-07-01-01-02-22.wav,03-01-07-01-01-02-22.wav,disgust,22,normal,female
D://Speech Project//raw\Actor_22\03-01-07-01-02-01-22.wav,03-01-07-01-02-01-22.wav,disgust,22,normal,female
D://Speech Project//raw\Actor_22\03-01-07-01-02-02-22.wav,03-01-07-01-02-02-22.wav,disgust,22,normal,female
D://Speech Project//raw\Actor_22\03-01-07-02-01-01-22.wav,03-01-07-02-01-01-22.wav,disgust,22,strong,female
D://Speech Project//raw\Actor_22\03-01-07-02-01-02-22.wav,03-01-07-02-01-02-22.wav,disgust,22,strong,female
D://Speech Project//raw\Actor_22\03-01-07-02-02-01-22.wav,03-01-07-02-02-01-22.wav,disgust,22,strong,female
D://Speech Project//raw\Actor_22\03-01-07-02-02-02-22.wav,03-01-07-02-02-02-22.wav,disgust,22,strong,female
D://Speech Project//raw\Actor_22\03-01-08-01-01-01-22.wav,03-01-08-01-01-01-22.wav,surprised,22,normal,female
D://Speech Project//raw\Actor_22\03-01-08-01-01-02-22.wav,03-01-08-01-01-02-22.wav,surprised,22,normal,female
D://Speech Project//raw\Actor_22\03-01-08-01-02-01-22.wav,03-01-08-01-02-01-22.wav,surprised,22,normal,female
D://Speech Project//raw\Actor_22\03-01-08-01-02-02-22.wav,03-01-08-01-02-02-22.wav,surprised,22,normal,female
D://Speech Project//raw\Actor_22\03-01-08-02-01-01-22.wav,03-01-08-02-01-01-22.wav,surprised,22,strong,female
D://Speech Project//raw\Actor_22\03-01-08-02-01-02-22.wav,03-01-08-02-01-02-22.wav,surprised,22,strong,female
D://Speech Project//raw\Actor_22\03-01-08-02-02-01-22.wav,03-01-08-02-02-01-22.wav,surprised,22,strong,female
D://Speech Project//raw\Actor_22\03-01-08-02-02-02-22.wav,03-01-08-02-02-02-22.wav,surprised,22,strong,female
D://Speech Project//raw\Actor_23\03-01-01-01-01-01-23.wav,03-01-01-01-01-01-23.wav,neutral,23,normal,male
D://Speech Project//raw\Actor_23\03-01-01-01-01-02-23.wav,03-01-01-01-01-02-23.wav,neutral,23,normal,male
D://Speech Project//raw\Actor_23\03-01-01-01-02-01-23.wav,03-01-01-01-02-01-23.wav,neutral,23,normal,male
D://Speech Project//raw\Actor_23\03-01-01-01-02-02-23.wav,03-01-01-01-02-02-23.wav,neutral,23,normal,male
D://Speech Project//raw\Actor_23\03-01-02-01-01-01-23.wav,03-01-02-01-01-01-23.wav,calm,23,normal,male
D://Speech Project//raw\Actor_23\03-01-02-01-01-02-23.wav,03-01-02-01-01-02-23.wav,calm,23,normal,male
D://Speech Project//raw\Actor_23\03-01-02-01-02-01-23.wav,03-01-02-01-02-01-23.wav,calm,23,normal,male
D://Speech Project//raw\Actor_23\03-01-02-01-02-02-23.wav,03-01-02-01-02-02-23.wav,calm,23,normal,male
D://Speech Project//raw\Actor_23\03-01-02-02-01-01-23.wav,03-01-02-02-01-01-23.wav,calm,23,strong,male
D://Speech Project//raw\Actor_23\03-01-02-02-01-02-23.wav,03-01-02-02-01-02-23.wav,calm,23,strong,male
D://Speech Project//raw\Actor_23\03-01-02-02-02-01-23.wav,03-01-02-02-02-01-23.wav,calm,23,strong,male
D://Speech Project//raw\Actor_23\03-01-02-02-02-02-23.wav,03-01-02-02-02-02-23.wav,calm,23,strong,male
D://Speech Project//raw\Actor_23\03-01-03-01-01-01-23.wav,03-01-03-01-01-01-23.wav,happy,23,normal,male
D://Speech Project//raw\Actor_23\03-01-03-01-01-02-23.wav,03-01-03-01-01-02-23.wav,happy,23,normal,male
D://Speech Project//raw\Actor_23\03-01-03-01-02-01-23.wav,03-01-03-01-02-01-23.wav,happy,23,normal,male
D://Speech Project//raw\Actor_23\03-01-03-01-02-02-23.wav,03-01-03-01-02-02-23.wav,happy,23,normal,male
D://Speech Project//raw\Actor_23\03-01-03-02-01-01-23.wav,03-01-03-02-01-01-23.wav,happy,23,strong,male
D://Speech Project//raw\Actor_23\03-01-03-02-01-02-23.wav,03-01-03-02-01-02-23.wav,happy,23,strong,male
D://Speech Project//raw\Actor_23\03-01-03-02-02-01-23.wav,03-01-03-02-02-01-23.wav,happy,23,strong,male
D://Speech Project//raw\Actor_23\03-01-03-02-02-02-23.wav,03-01-03-02-02-02-23.wav,happy,23,strong,male
D://Speech Project//raw\Actor_23\03-01-04-01-01-01-23.wav,03-01-04-01-01-01-23.wav,sad,23,normal,male
D://Speech Project//raw\Actor_23\03-01-04-01-01-02-23.wav,03-01-04-01-01-02-23.wav,sad,23,normal,male
D://Speech Project//raw\Actor_23\03-01-04-01-02-01-23.wav,03-01-04-01-02-01-23.wav,sad,23,normal,male
D://Speech Project//raw\Actor_23\03-01-04-01-02-02-23.wav,03-01-04-01-02-02-23.wav,sad,23,normal,male
D://Speech Project//raw\Actor_23\03-01-04-02-01-01-23.wav,03-01-04-02-01-01-23.wav,sad,23,strong,male
D://Speech Project//raw\Actor_23\03-01-04-02-01-02-23.wav,03-01-04-02-01-02-23.wav,sad,23,strong,male
D://Speech Project//raw\Actor_23\03-01-04-02-02-01-23.wav,03-01-04-02-02-01-23.wav,sad,23,strong,male
D://Speech Project//raw\Actor_23\03-01-04-02-02-02-23.wav,03-01-04-02-02-02-23.wav,sad,23,strong,male
D://Speech Project//raw\Actor_23\03-01-05-01-01-01-23.wav,03-01-05-01-01-01-23.wav,angry,23,normal,male
D://Speech Project//raw\Actor_23\03-01-05-01-01-02-23.wav,03-01-05-01-01-02-23.wav,angry,23,normal,male
D://Speech Project//raw\Actor_23\03-01-05-01-02-01-23.wav,03-01-05-01-02-01-23.wav,angry,23,normal,male
D://Speech Project//raw\Actor_23\03-01-05-01-02-02-23.wav,03-01-05-01-02-02-23.wav,angry,23,normal,male
D://Speech Project//raw\Actor_23\03-01-05-02-01-01-23.wav,03-01-05-02-01-01-23.wav,angry,23,strong,male
D://Speech Project//raw\Actor_23\03-01-05-02-01-02-23.wav,03-01-05-02-01-02-23.wav,angry,23,strong,male
D://Speech Project//raw\Actor_23\03-01-05-02-02-01-23.wav,03-01-05-02-02-01-23.wav,angry,23,strong,male
D://Speech Project//raw\Actor_23\03-01-05-02-02-02-23.wav,03-01-05-02-02-02-23.wav,angry,23,strong,male
D://Speech Project//raw\Actor_23\03-01-06-01-01-01-23.wav,03-01-06-01-01-01-23.wav,fearful,23,normal,male
D://Speech Project//raw\Actor_23\03-01-06-01-01-02-23.wav,03-01-06-01-01-02-23.wav,fearful,23,normal,male
D://Speech Project//raw\Actor_23\03-01-06-01-02-01-23.wav,03-01-06-01-02-01-23.wav,fearful,23,normal,male
D://Speech Project//raw\Actor_23\03-01-06-01-02-02-23.wav,03-01-06-01-02-02-23.wav,fearful,23,normal,male
D://Speech Project//raw\Actor_23\03-01-06-02-01-01-23.wav,03-01-06-02-01-01-23.wav,fearful,23,strong,male
D://Speech Project//raw\Actor_23\03-01-06-02-01-02-23.wav,03-01-06-02-01-02-23.wav,fearful,23,strong,male
D://Speech Project//raw\Actor_23\03-01-06-02-02-01-23.wav,03-01-06-02-02-01-23.wav,fearful,23,strong,male
D://Speech Project//raw\Actor_23\03-01-06-02-02-02-23.wav,03-01-06-02-02-02-23.wav,fearful,23,strong,male
D://Speech Project//raw\Actor_23\03-01-07-01-01-01-23.wav,03-01-07-01-01-01-23.wav,disgust,23,normal,male
D://Speech Project//raw\Actor_23\03-01-07-01-01-02-23.wav,03-01-07-01-01-02-23.wav,disgust,23,normal,male
D://Speech Project//raw\Actor_23\03-01-07-01-02-01-23.wav,03-01-07-01-02-01-23.wav,disgust,23,normal,male
D://Speech Project//raw\Actor_23\03-01-07-01-02-02-23.wav,03-01-07-01-02-02-23.wav,disgust,23,normal,male
D://Speech Project//raw\Actor_23\03-01-07-02-01-01-23.wav,03-01-07-02-01-01-23.wav,disgust,23,strong,male
D://Speech Project//raw\Actor_23\03-01-07-02-01-02-23.wav,03-01-07-02-01-02-23.wav,disgust,23,strong,male
D://Speech Project//raw\Actor_23\03-01-07-02-02-01-23.wav,03-01-07-02-02-01-23.wav,disgust,23,strong,male
D://Speech Project//raw\Actor_23\03-01-07-02-02-02-23.wav,03-01-07-02-02-02-23.wav,disgust,23,strong,male
D://Speech Project//raw\Actor_23\03-01-08-01-01-01-23.wav,03-01-08-01-01-01-23.wav,surprised,23,normal,male
D://Speech Project//raw\Actor_23\03-01-08-01-01-02-23.wav,03-01-08-01-01-02-23.wav,surprised,23,normal,male
D://Speech Project//raw\Actor_23\03-01-08-01-02-01-23.wav,03-01-08-01-02-01-23.wav,surprised,23,normal,male
D://Speech Project//raw\Actor_23\03-01-08-01-02-02-23.wav,03-01-08-01-02-02-23.wav,surprised,23,normal,male
D://Speech Project//raw\Actor_23\03-01-08-02-01-01-23.wav,03-01-08-02-01-01-23.wav,surprised,23,strong,male
D://Speech Project//raw\Actor_23\03-01-08-02-01-02-23.wav,03-01-08-02-01-02-23.wav,surprised,23,strong,male
D://Speech Project//raw\Actor_23\03-01-08-02-02-01-23.wav,03-01-08-02-02-01-23.wav,surprised,23,strong,male
D://Speech Project//raw\Actor_23\03-01-08-02-02-02-23.wav,03-01-08-02-02-02-23.wav,surprised,23,strong,male
D://Speech Project//raw\Actor_24\03-01-01-01-01-01-24.wav,03-01-01-01-01-01-24.wav,neutral,24,normal,female
D://Speech Project//raw\Actor_24\03-01-01-01-01-02-24.wav,03-01-01-01-01-02-24.wav,neutral,24,normal,female
D://Speech Project//raw\Actor_24\03-01-01-01-02-01-24.wav,03-01-01-01-02-01-24.wav,neutral,24,normal,female
D://Speech Project//raw\Actor_24\03-01-01-01-02-02-24.wav,03-01-01-01-02-02-24.wav,neutral,24,normal,female
D://Speech Project//raw\Actor_24\03-01-02-01-01-01-24.wav,03-01-02-01-01-01-24.wav,calm,24,normal,female
D://Speech Project//raw\Actor_24\03-01-02-01-01-02-24.wav,03-01-02-01-01-02-24.wav,calm,24,normal,female
D://Speech Project//raw\Actor_24\03-01-02-01-02-01-24.wav,03-01-02-01-02-01-24.wav,calm,24,normal,female
D://Speech Project//raw\Actor_24\03-01-02-01-02-02-24.wav,03-01-02-01-02-02-24.wav,calm,24,normal,female
D://Speech Project//raw\Actor_24\03-01-02-02-01-01-24.wav,03-01-02-02-01-01-24.wav,calm,24,strong,female
D://Speech Project//raw\Actor_24\03-01-02-02-01-02-24.wav,03-01-02-02-01-02-24.wav,calm,24,strong,female
D://Speech Project//raw\Actor_24\03-01-02-02-02-01-24.wav,03-01-02-02-02-01-24.wav,calm,24,strong,female
D://Speech Project//raw\Actor_24\03-01-02-02-02-02-24.wav,03-01-02-02-02-02-24.wav,calm,24,strong,female
D://Speech Project//raw\Actor_24\03-01-03-01-01-01-24.wav,03-01-03-01-01-01-24.wav,happy,24,normal,female
D://Speech Project//raw\Actor_24\03-01-03-01-01-02-24.wav,03-01-03-01-01-02-24.wav,happy,24,normal,female
D://Speech Project//raw\Actor_24\03-01-03-01-02-01-24.wav,03-01-03-01-02-01-24.wav,happy,24,normal,female
D://Speech Project//raw\Actor_24\03-01-03-01-02-02-24.wav,03-01-03-01-02-02-24.wav,happy,24,normal,female
D://Speech Project//raw\Actor_24\03-01-03-02-01-01-24.wav,03-01-03-02-01-01-24.wav,happy,24,strong,female
D://Speech Project//raw\Actor_24\03-01-03-02-01-02-24.wav,03-01-03-02-01-02-24.wav,happy,24,strong,female
D://Speech Project//raw\Actor_24\03-01-03-02-02-01-24.wav,03-01-03-02-02-01-24.wav,happy,24,strong,female
D://Speech Project//raw\Actor_24\03-01-03-02-02-02-24.wav,03-01-03-02-02-02-24.wav,happy,24,strong,female
D://Speech Project//raw\Actor_24\03-01-04-01-01-01-24.wav,03-01-04-01-01-01-24.wav,sad,24,normal,female
D://Speech Project//raw\Actor_24\03-01-04-01-01-02-24.wav,03-01-04-01-01-02-24.wav,sad,24,normal,female
D://Speech Project//raw\Actor_24\03-01-04-01-02-01-24.wav,03-01-04-01-02-01-24.wav,sad,24,normal,female
D://Speech Project//raw\Actor_24\03-01-04-01-02-02-24.wav,03-01-04-01-02-02-24.wav,sad,24,normal,female
D://Speech Project//raw\Actor_24\03-01-04-02-01-01-24.wav,03-01-04-02-01-01-24.wav,sad,24,strong,female
D://Speech Project//raw\Actor_24\03-01-04-02-01-02-24.wav,03-01-04-02-01-02-24.wav,sad,24,strong,female
D://Speech Project//raw\Actor_24\03-01-04-02-02-01-24.wav,03-01-04-02-02-01-24.wav,sad,24,strong,female
D://Speech Project//raw\Actor_24\03-01-04-02-02-02-24.wav,03-01-04-02-02-02-24.wav,sad,24,strong,female
D://Speech Project//raw\Actor_24\03-01-05-01-01-01-24.wav,03-01-05-01-01-01-24.wav,angry,24,normal,female
D://Speech Project//raw\Actor_24\03-01-05-01-01-02-24.wav,03-01-05-01-01-02-24.wav,angry,24,normal,female
D://Speech Project//raw\Actor_24\03-01-05-01-02-01-24.wav,03-01-05-01-02-01-24.wav,angry,24,normal,female
D://Speech Project//raw\Actor_24\03-01-05-01-02-02-24.wav,03-01-05-01-02-02-24.wav,angry,24,normal,female
D://Speech Project//raw\Actor_24\03-01-05-02-01-01-24.wav,03-01-05-02-01-01-24.wav,angry,24,strong,female
D://Speech Project//raw\Actor_24\03-01-05-02-01-02-24.wav,03-01-05-02-01-02-24.wav,angry,24,strong,female
D://Speech Project//raw\Actor_24\03-01-05-02-02-01-24.wav,03-01-05-02-02-01-24.wav,angry,24,strong,female
D://Speech Project//raw\Actor_24\03-01-05-02-02-02-24.wav,03-01-05-02-02-02-24.wav,angry,24,strong,female
D://Speech Project//raw\Actor_24\03-01-06-01-01-01-24.wav,03-01-06-01-01-01-24.wav,fearful,24,normal,female
D://Speech Project//raw\Actor_24\03-01-06-01-01-02-24.wav,03-01-06-01-01-02-24.wav,fearful,24,normal,female
D://Speech Project//raw\Actor_24\03-01-06-01-02-01-24.wav,03-01-06-01-02-01-24.wav,fearful,24,normal,female
D://Speech Project//raw\Actor_24\03-01-06-01-02-02-24.wav,03-01-06-01-02-02-24.wav,fearful,24,normal,female
D://Speech Project//raw\Actor_24\03-01-06-02-01-01-24.wav,03-01-06-02-01-01-24.wav,fearful,24,strong,female
D://Speech Project//raw\Actor_24\03-01-06-02-01-02-24.wav,03-01-06-02-01-02-24.wav,fearful,24,strong,female
D://Speech Project//raw\Actor_24\03-01-06-02-02-01-24.wav,03-01-06-02-02-01-24.wav,fearful,24,strong,female
D://Speech Project//raw\Actor_24\03-01-06-02-02-02-24.wav,03-01-06-02-02-02-24.wav,fearful,24,strong,female
D://Speech Project//raw\Actor_24\03-01-07-01-01-01-24.wav,03-01-07-01-01-01-24.wav,disgust,24,normal,female
D://Speech Project//raw\Actor_24\03-01-07-01-01-02-24.wav,03-01-07-01-01-02-24.wav,disgust,24,normal,female
D://Speech Project//raw\Actor_24\03-01-07-01-02-01-24.wav,03-01-07-01-02-01-24.wav,disgust,24,normal,female
D://Speech Project//raw\Actor_24\03-01-07-01-02-02-24.wav,03-01-07-01-02-02-24.wav,disgust,24,normal,female
D://Speech Project//raw\Actor_24\03-01-07-02-01-01-24.wav,03-01-07-02-01-01-24.wav,disgust,24,strong,female
D://Speech Project//raw\Actor_24\03-01-07-02-01-02-24.wav,03-01-07-02-01-02-24.wav,disgust,24,strong,female
D://Speech Project//raw\Actor_24\03-01-07-02-02-01-24.wav,03-01-07-02-02-01-24.wav,disgust,24,strong,female
D://Speech Project//raw\Actor_24\03-01-07-02-02-02-24.wav,03-01-07-02-02-02-24.wav,disgust,24,strong,female
D://Speech Project//raw\Actor_24\03-01-08-01-01-01-24.wav,03-01-08-01-01-01-24.wav,surprised,24,normal,female
D://Speech Project//raw\Actor_24\03-01-08-01-01-02-24.wav,03-01-08-01-01-02-24.wav,surprised,24,normal,female
D://Speech Project//raw\Actor_24\03-01-08-01-02-01-24.wav,03-01-08-01-02-01-24.wav,surprised,24,normal,female
D://Speech Project//raw\Actor_24\03-01-08-01-02-02-24.wav,03-01-08-01-02-02-24.wav,surprised,24,normal,female
D://Speech Project//raw\Actor_24\03-01-08-02-01-01-24.wav,03-01-08-02-01-01-24.wav,surprised,24,strong,female
D://Speech Project//raw\Actor_24\03-01-08-02-01-02-24.wav,03-01-08-02-01-02-24.wav,surprised,24,strong,female
D://Speech Project//raw\Actor_24\03-01-08-02-02-01-24.wav,03-01-08-02-02-01-24.wav,surprised,24,strong,female
D://Speech Project//raw\Actor_24\03-01-08-02-02-02-24.wav,03-01-08-02-02-02-24.wav,surprised,24,strong,female
